ID	Hierarchiestufe	FeldName	Reihenfolge	FeldBeschriftung	FeldBeschreibung	Formularelement	InputTyp	FeldNameEvab	FeldNameZdsf	FeldNameCscf	FeldNameNism	FeldNameWslFlechten	FeldNameWslPilze	ArtGruppe	Optionen	Standardwert	SliderMinimum	SliderMaximum
"6d793056afce59fd2ef9fd0b03024083"	"Ort"	""	""	""	""	"textinput"	"datetime"	""	""	""	""	""	""	""	""	""	""	"" 
"6d793056afce59fd2ef9fd0b03024593"	"Raum"	""	""	""	""	"textinput"	"time"	""	""	""	""	""	""	""	""	""	""	"" 
"6d793056afce59fd2ef9fd0b03024984"	"Ort"	""	""	""	""	"textinput"	"text"	""	""	""	""	""	""	""	""	""	""	"" 
"6d793056afce59fd2ef9fd0b03023518"	"Zeit"	"orttest"	"1"	"orttest"	""	"textinput"	"datetime"	""	""	""	""	""	""	"Amphibien"	""	""	""	"" 
"f19cd49bd7b7a150c895041a5d000acc"	"Projekt"	"pName"	"1"	"Name"	"FNS: Projektname"	"textinput"	"text"	"Name"	""	""	""	""	"Erhebungen (aber auch aMeldungTyp)"	"alle"	""	"[object Object]"	""	"" 
"f86ac048666be7df4ae1c875d7029344"	"Raum"	"mein raum"	"1"	"mein raum"	""	"textinput"	"text"	""	""	""	""	""	""	""	"a,b,c,d"	"[object Object]"	""	"" 
"f19cd49bd7b7a150c895041a5d000cd8"	"Projekt"	"pBemerkungen"	"2"	"Bemerkungen"	"FNS: Bemerkungen zum Projekt"	"textarea"	""	"Bemerkungen"	""	""	""	""	""	"alle"	""	"[object Object]"	""	"" 
"f19cd49bd7b7a150c895041a5d000dec"	"Raum"	"rName"	"3"	"Name"	"FNS: Name des Raums. Z.B. geographischer Name, Objektnummer..."	"textinput"	"text"	"Name"	""	""	""	""	""	"alle"	""	"[object Object]"	""	"" 
"f19cd49bd7b7a150c895041a5d000e6a"	"Raum"	"rBemerkungen"	"4"	"Bemerkungen"	"FNS: Bemerkungen zum Raum"	"textarea"	""	"Bemerkungen"	""	""	""	""	""	"alle"	""	"[object Object]"	""	"" 
"30034b35a264d2adb24a8f3f0b07cd65"	"Ort"	"rTest"	"5"	"Test"	""	"slider"	"text"	""	""	""	""	""	""	""	""	""	""	"100" 
"f19cd49bd7b7a150c895041a5d00130b"	"Ort"	"oName"	"5"	"Name"	"FNS: Name des Orts. Z.B. Lokalname, Teilobjektnummer..."	"textinput"	"text"	"Name"	""	""	"ort"	""	"Flurname"	"alle"	""	"[object Object]"	""	"" 
"f19cd49bd7b7a150c895041a5d002e72"	"Ort"	"oXKoord"	"6"	"X-Koordinate"	"X-Koordinate, Schweizer Bezugssystem  (X/Y oder Lat/Long müssen erfasst werden)"	"textinput"	"text"	"X"	"?"	"?"	"koordinate_x"	""	"Xkoord"	"alle"	""	"[object Object]"	""	"" 
"f19cd49bd7b7a150c895041a5d0034b2"	"Ort"	"oYKoord"	"7"	"Y-Koordinate"	"Y-Koordinate, Schweizer Bezugssystem  (X/Y oder Lat/Long müssen erfasst werden)"	"textinput"	"text"	"Y"	"?"	"?"	"koordinate_y"	""	"Ykoord"	"alle"	""	"[object Object]"	""	"" 
"f19cd49bd7b7a150c895041a5d00557e"	"Ort"	"oLagegenauigkeit"	"8"	"Lage Genauigkeit"	""	"textinput"	"text"	""	"?"	"?"	""	""	"Präzision"	"alle"	""	"[object Object]"	""	"" 
"f19cd49bd7b7a150c895041a5d005bff"	"Ort"	"oLagegenauigkeitOptionen"	"9"	"Lage Genauigkeit (Optionen)"	""	"multipleselect"	""	"fkGenauigkeitLage"	"?"	"?"	""	""	""	"alle"	"± 5m,± 10m,± 20m,± 25m,± 50m,± 100m,± 250m,± 500m,± 750m,1 km2 (Koordinate der linken unteren Ecke),9 km2 (Koord. = li untere Ecke d. zentr. Quadr.),>9 km2 (Koord.=li untere Ecke d. zentr. Quadr.),GPS,Differential GPS (<5m),Raster 4 km2 (2x2) Nullpunkt 600/200,Raster 16 km2 (4x4) Nullpunkt 600/200,Genauigk. d. Koord. unbekannt o. nicht definierbar"	"[object Object]"	""	"" 
"f19cd49bd7b7a150c895041a5d00394a"	"Ort"	"oLatitudeDecDeg"	"10"	"Breitengrad"	"EvabMobile: Breitengrad in decimal degrees"	"textinput"	"text"	""	""	""	""	""	""	"alle"	""	"[object Object]"	""	"" 
"f19cd49bd7b7a150c895041a5d0048eb"	"Ort"	"oLongitudeDecDeg"	"11"	"Längengrad"	"EvabMobile: Längengrad in decimal degrees"	"textinput"	"text"	""	""	""	""	""	""	"alle"	""	"[object Object]"	""	"" 
"f19cd49bd7b7a150c895041a5d0022e2"	"Ort"	"oErfassungsdatum"	"12"	"Erfassungsdatum"	"FNS: Zeitpunkt, an dem der Ort erfasst wurde"	"textinput"	"date"	"Erfassungsdatum"	""	""	""	""	""	"alle"	""	"[object Object]"	""	"" 
"f19cd49bd7b7a150c895041a5d002578"	"Ort"	"oAutor"	"13"	"Autor"	"FNS: Person, die den Ort erfasst hat"	"textinput"	"text"	"fkAutor"	""	""	""	""	""	"alle"	""	"[object Object]"	""	"" 
"f19cd49bd7b7a150c895041a5d00639c"	"Ort"	"oObergrenzeHöhe"	"14"	"Höhe Obergrenze"	""	"textinput"	"text"	"obergrenzeHoehe"	"?"	"?"	"hoehe"	""	"Höhe"	"alle"	""	"[object Object]"	""	"" 
"f19cd49bd7b7a150c895041a5d006c87"	"Ort"	"oUntergerenzeHöhe"	"15"	"Höhe Untergrenze"	""	"textinput"	"text"	"untergerenzeHoehe"	"?"	"?"	""	""	""	"alle"	""	"[object Object]"	""	"" 
"f19cd49bd7b7a150c895041a5d007c4c"	"Ort"	"oGenauigkeitHöhe"	"16"	"Höhe Genauigkeit"	""	"radio"	""	"fkGenauigkeitHoehe"	"?"	"?"	"hoehe_abweichung"	""	""	"alle"	"Präzise,Geschätzt dch. Beobachter,Noch zu definieren,Schätzung Datenüberbringer"	"[object Object]"	""	"" 
"f19cd49bd7b7a150c895041a5d008184"	"Ort"	"oFundortbeschrieb"	"17"	"Fundortbeschrieb"	"ZDSF: Fundortbeschrieb, z.B. Flurname, Beschreibung der Lage entspricht Feld LOC bei CSCF"	"textarea"	""	"DESC_LOCALITE"	"DESC_LOCALITE"	"LOC"	""	""	""	"alle"	""	"[object Object]"	""	"" 
"f19cd49bd7b7a150c895041a5d008cf5"	"Ort"	"oGemeinde"	"18"	"Gemeinde"	"ZDSF: Gemeinde"	"textinput"	"text"	"NOM_COMMUNE"	"NOM_COMMUNE"	""	""	""	"Gemeinde"	"alle"	""	"[object Object]"	""	"" 
"f19cd49bd7b7a150c895041a5d008d79"	"Ort"	"oWeltenNr"	"19"	"Kartierfläche WS"	"ZDSF: Nummer der Kartierfläche aus dem Verbreitungsatlas von Welten&Sutter (1982)"	"textinput"	"text"	"NO_SURFACE_WELTEN"	"NO_SURFACE_WELTEN"	""	""	""	""	"alle"	""	"[object Object]"	""	"" 
"f19cd49bd7b7a150c895041a5d0092c8"	"Ort"	"oStandort"	"20"	"Standort"	"ZDSF: Standortbeschreibung/Ökologie, z.B. Pflanzengesellschaft, Neigung/Exposition etc."	"textarea"	""	"STATION"	"STATION"	""	"standort"	""	"Standort"	"alle"	""	"[object Object]"	""	"" 
"f19cd49bd7b7a150c895041a5d00a106"	"Ort"	"oLebensraumDelarze"	"21"	"Lebensraum (Delarze)"	"FNS: LR-Typ nach Delarze oder anderer Klassierung"	"multipleselect"	""	"fkLebensraumtyp"	""	""	""	""	"Lebensraum"	"alle"	"1: Gewässer,1.1: Stehende Gewässer,1.1.0: Stehendes Gewässer ohne Vegetation,1.1.0.1: Tiefgründiges Gewässer (Freiwasserzone),1.1.0.2: Seichtes Gewässer (Litoral inkl. Tümpel),1.1.1: Armleuchteralgenrasen,1.1.2: Laichkrautgesellschaften,1.1.3: Wasserlinsengesellschaften,1.1.4: Seerosengesellschaften,1.2: Fliessgewässer,1.2.1: Brachsmen- und Barbenregion,1.2.1.1: Breites Fliessgewässer des Flachlands,1.2.1.2: Langsam fliessender Bach im Flachland,1.2.2: Äschenregion (Hyporhithron),1.2.2.0: Äschenregion ohne Vegetation,1.2.2.1: Äschenregion mit Vegetation,1.2.3: Untere Forellenregion (Metarhithron),1.2.4: Obere Forellenregion (Epirhithron),1.2.5: Temporärer Wasserlauf,1.3: Quellen und Quellfluren,1.3.0: Überrieselte Fläche / Quelle ohne Vegetation,1.3.1: Kalktuff-Felsspaltengesellschaften,1.3.2: Kalk-Quellflur,1.3.3: Weichwasser-Quellflur,1.4: Unterirdische Gewässer,1.4.1: Porengrundwasser,1.4.2: Kluftgrundwasser,1.4.3: Höhlenbach,1.4.4: Höhlensee,2: Vegetation der Ufer und der Feuchtgebiete,2.0: Ufer ohne Vegetation,2.1: Ufer mit Vegetation,2.1.1: Wasserschlauch-Moortümpelgesellschaften,2.1.2: Röhricht,2.1.2.1: Stillwasser-Röhricht,2.1.2.2: Landschilf-Röhricht,2.1.3: Strandlingsgesellschaften,2.1.4: Bach- und Flussröhricht,2.2: Flachmoore,2.2.1: Grossseggenbestände,2.2.1.1: Grossseggenried,2.2.1.2: Schneidbinsenried,2.2.2: Saures Kleinseggenried,2.2.3: Kalk-Kleinseggenried,2.2.4: Übergangsmoor,2.2.5: Schwemmufervegetation alpiner Wildbäche,2.3: Feucht- und Nasswiesen,2.3.1: Pfeifengraswiese,2.3.2: Sumpfdotterblumenwiese,2.3.3: Spierstaudenflur,2.4: Hochmoore,2.4.1: Torfmoos-Hochmoor,2.5: Zeitweilig überflutete Annuellenfluren,2.5.1: Zwergbinsen-Annuellenflur,2.5.2: Nitrophile Annuellenvegetation,3: Gletscher / Fels / Schutt und Geröll,3.1: Gletscher / Firn,3.1.1: Gletscher,3.1.2: Blockgletscher,3.1.3: Firnfeld (Sommer),3.1.4: Schneefeld (Frühling),3.2: Alluvionen und Moränen,3.2.1: Alluvionen,3.2.1.0: Alluvionen ohne Vegtetation,3.2.1.1: Alluvionen mit krautiger Pioniervegetation,3.2.2: Moräne,3.2.2.0: Moräne ohne Vegetation,3.2.2.1: Moräne mit Pioniervegetation,3.3: Steinschutt- und Geröllfluren,3.3.1: Kalkschutt,3.3.1.1: Kalkschutthalde ohne Gefässpflanzen,3.3.1.2: Alpine Kalkblockflur (hartes Gestein),3.3.1.3: Alpine Kalkschieferflur,3.3.1.4: Feuchte Kalkschuttflur,3.3.1.5: Sommerwarme Kalkschuttflur,3.3.2: Silikatschutt,3.3.2.1: Silikatschutthalde ohne Gefässpflanzen,3.3.2.2: Alpine Silikatschuttflur,3.3.2.3: Sommerwarme Silikatschuttflur,3.4: Felsen,3.4.1: Kalkfelsen,3.4.1.1: Kalkfelsflur ohne Gefässpflanzen,3.4.1.2: Sonnige Kalkfelsflur mit Gefässpflanzen,3.4.1.3: Schattige Kalkfelsflur mit Gefässpflanzen,3.4.2: Silikat-/ Serpentinfelsen,3.4.2.1: Silikatfelsflur ohne Gefässpflanzen,3.4.2.2: Silikatfelsflur mit Gefässpflanzen,3.4.2.3: Serpentingesteinsflur,3.5: Höhlen,3.5.1: Bereich der Unterseite von Steinen / Blöcken etc.,3.5.2: Tierbau (pholeophile Fauna),3.5.3: Höhlenwandgesellschaften (Höhleneingang),3.5.4: Guanohaufen,3.5.5: Künstliche Höhlung (Minen / Tunnel),3.5.6: Lehmablagerung im Höhleninneren,3.5.7: Fels im Höhleninneren,4: Rasen / Wiesen,4.0: Kunstrasen,4.0.1: Kunstwiese auf Fruchtfolgefläche,4.0.2: Kunstrasen auf Sportplätzen / im Siedlungsraum etc.,4.0.3: Begrünung in Tieflagen (Strassenböschungen usw.),4.0.4: Begrünung in Hochlagen (Skipisten etc.),4.1: Felsgrus- und Karstfluren,4.1.1: Thermophile Kalkfelsgrusflur,4.1.2: Kalkfelsgrusflur des Gebirges (Karstgebiet),4.1.3: Thermophile Silikatfelsgrusflur,4.1.4: Silikatfesgrusflur des Gebirges,4.2: Wärmeliebende Trockenrasen,4.2.1: Kontinentaler Trockenrasen,4.2.1.1: Inneralpine Felsensteppe,4.2.1.2: Kontinentaler Halbtrockenrasen,4.2.2: Subatlantischer Trockenrasen,4.2.3: Insubrischer Trockenrasen,4.2.4: Subatlantischer Halbtrockenrasen,4.3: Magerrasen der Hochlagen,4.3.1: Blaugrashalde,4.3.2: Polsterseggenrasen,4.3.3: Rostseggenhalde,4.3.4: Nacktriedrasen,4.3.5: Borstgrasweide,4.3.6: Buntschwingelrasen,4.3.7: Krummseggenrasen,4.4: Schneetälchen,4.4.1: Kalk-Schneetälchen,4.4.2: Sauerboden-Schneetälchen,4.5: Fettwiesen und -weiden,4.5.1: Fromentalwiese,4.5.2: Goldhaferwiese,4.5.3: Kammgrasweide,4.5.4: Milchkrautweide,4.6: Grasbrachen,4.6.1: Ruderaler Halbtrockenrasen,4.6.2: Fiederzwenckenbrache,4.6.3: Fromentalbrache,4.6.4: Pfeifengrasbrache,4.6.5: Reitgrasbrache,5: Krautsäume / Hochstaudenfluren / Gebüsche,5.1: Saumgesellschaften,5.1.1: Trockenwarmer Krautsaum,5.1.2: Mesophiler Krautsaum,5.1.3: Feuchter Krautsaum der Tieflagen,5.1.4: Feuchter Krautsaum der höheren Lagen,5.1.5: Nährstoffreicher mesophiler Krautsaum,5.2: Hochstaudenfluren / Waldschläge,5.2.1: Schlagflur / Waldlichtung auf basenreichem Boden,5.2.2: Schlagflur / Waldlichtung auf saurem Boden,5.2.3: Montan-subalpine Hochgrasflur,5.2.4: Subalpine Hochstaudenflur,5.2.5: Adlerfarnflur,5.3: Gebüsche (Waldmäntel / Dickichte / Hecken),5.3.0: Naturferne Pflanzung,5.3.0.1: Naturferne Pflanzung mit sommergrünen Arten,5.3.0.2: Naturferne Pflanzung mit immergrünen Arten,5.3.1: Besenginster-Gebüsche,5.3.2: Trockenwarme Gebüsche auf basenreichem Boden,5.3.3: Schlehen-Brombeergebüsche,5.3.4: Brombeergestrüpp,5.3.5: Gebüschreiche Vorwaldgesellschaften,5.3.6: Gebirgsweidenaue,5.3.7: Moorweidengebüsche,5.3.8: subalpine Karst-Weidengebüsche,5.3.9: Grünerlengebüsche,5.4: Heiden,5.4.1: Subatlantische Zwergstrauchheide,5.4.2: Kontinentale Zwergstrauchheinde,5.4.3: Subalpine Heide auf Kalkboden,5.4.4: Trockene subalpine Zwergstrauchheide,5.4.5: Mesophile subalpine Zwergstrauchheide,5.4.6: Arktisch-alpine Zwergstrauchheide,6: Wälder,6.0: Forstpflanzungen / Einzelbäume,6.0.1: Aufforstung mit Laubgehölzen,6.0.2: Aufforstung mit Nadelgehölzen,6.1: Bruch- und Auenwälder,6.1.1: Erlen-Bruchwald,6.1.2: Silberweiden-Auenwald,6.1.3: Grauerlen-Auenwald,6.1.4: Eschen-Auenwald,6.2: Buchenwälder,6.2.1: Orchideen-Buchenwald,6.2.2: Hainsimsen-Buchenwald,6.2.3: Waldmeister-Buchenwald,6.2.4: Alpenheckenkirschen-Buchenwald,6.2.5: Tannen-Buchenwald,6.3: Andere Laubwälder,6.3.1: Bergahorn-Schluchtwald,6.3.2: Wärmeliebender Linden-Mischwald,6.3.3: Eichen- Hainbuchenwald,6.3.4: Flaumeichenwald,6.3.5: Hopfenbuchenwald der Alpensüdseite,6.3.6: Bodensaurer Eichen-Mischwald,6.3.7: Kastanienwald,6.3.8: Laubwald mit immergrünem Unterholz,6.3.9: Robinien-Sekundärwald,6.3a: Schluchtwälder,6.3b: Eichenwälder,6.3c: Wärmeliebende Sekundärwälder,6.4: Wärmeliebende Föhrenwälder,6.4.1: Pfeifengras-Föhrenwald,6.4.2: Subkontinentaler Kalk-Föhrenwald,6.4.3: Kontinentaler Steppen-Föhrenwald,6.4.3.1: Kalkreicher Steppen-Föhrenwald,6.4.3.2: Kalkarmer Steppen-Föhrenwald,6.4.4: Mesophiler Föhrenwald auf Silikat,6.5: Moorwälder,6.5.1: Birken-Moorwald,6.5.2: Torfmoos-Bergföhrenwald,6.5.3: Torfmoos-Fichtenwald,6.6: Nadelwälder der Hochlagen,6.6.1: Tannen-Fichtenwald,6.6.2: Heidelbeer-Fichtenwald,6.6.3: Lärchen-Arvenwald,6.6.4: Lärchenwald,6.6.5: Bergföhrenwald,7: Pioniervegetation oft gestörter Plätze (Ruderalstandorte),7.1: Trittrasen und Ruderalfluren,7.1.0: Trittflur / Trümmerfeld ohne Vegetation,7.1.1: Feuchte Trittflur,7.1.2: Trockene Trittflur,7.1.3: Subalpiner und alpiner Trittrasen,7.1.4: Einjährige Ruderalgesellschaften,7.1.5: Wärmeliebende Ruderalgesellschaften,7.1.6: Mesophile Ruderalgesellschaften,7.1.7: Alpine Lägerflur (Alpenblackenflur),7.1.8: Lägergesellschaften der Tieflagen,7.2: Anthropogene Steinfluren,7.2.0: Mauer und Steinpflästerung ohne Vegetation,7.2.1: Ruine und alte Mauer,7.2.2: Steinpflästerung,8: Pflanzungen / Äcker / Kulturen,8.1: Baumschulen und Obstgärten,8.1.1: Baumschule aus Laubgehölzen,8.1.2: Baumschule aus Nadelgehölzen,8.1.3: Kastanienhain (ohne Unterholz),8.1.4: Hochstammobstgarten,8.1.5: Niederstammobstgarten,8.1.6: Weinberg,8.1.7: Beerenkultur,8.2: Feldkulturen,8.2.1: Getreidekultur (Brotgetreide) vorwiegend Winterkultur,8.2.1.0: Getreide ohne Ackerbegleitvegetation,8.2.1.1: Ackerbegleitvegetation der sauren Böden,8.2.1.2: Ackerbegleitvegetation kalkreicher Böden,8.2.2: Mais-/ Tabak- und andere Ackerkultur (vorwiegend Sommerkultur),8.2.3: Hackfruchtkultur (Sommerkultur) / Gärten,8.2.3.0: Hackfrucht ohne Begleitflora,8.2.3.1: Begleitvegetation der Hackkulturen auf basenarmen Böden,8.2.3.2: Begleitvegetation der Hackkulturen auf kalkhaltigen Lehmböden,8.2.3.3: Begleitvegetation der Hackkulturen auf basenarmen lockeren Böden,8.2.3.4: Begleitvegetation der Hackkulturen auf kalkhaltigen lockeren Böden,9: Bauten / Anlagen,9.1: Lagerplätze / Deponien,9.1.1: Misthaufen,9.1.2: Komposthaufen,9.1.3: Abfalldeponie im Betrieb,9.2: Bauten,9.2.1: Bewohntes Gebäude,9.2.1.1: Keller,9.2.1.2: Bewohnte Räumlichkeit / Wohnung,9.2.1.3: Estrich / Dachstuhl / Dachstock,9.2.1.4: Fassade / Aussenwände,9.2.2: Tierstallungen / Gewächshäuser,9.2.2.1: Kuh- und Pferdestall,9.2.2.2: Schweinestall,9.2.2.3: Kaninchen- und Hühnerstall,9.2.2.4: Treibhaus,9.2.3: Scheune / Schopf,9.2.4: Andere Bauten,9.2.4.1: Turm / Kirchturm,9.2.4.2: Wasserspeicher / Schwimmbad,9.2.4.3: Fabrik / Halle / Lagerhaus,9.2.4.4: Andere Baulichkeiten,9.3: Belagsflächen,9.3.1: Versiegelte Sportplatz / Parkplatz etc.,9.3.2: Asphalt- oder Betonstrasse,9.3.2.1: Strasse,9.3.2.2: Autobahn,9.3.3: Weg ohne Vegetation,9.4: Bahngleis"	"[object Object]"	""	"" 
"f19cd49bd7b7a150c895041a5d00a463"	"Ort"	"oLebensraumUmfeld"	"22"	"Lebensraum Umfeld (Delarze)"	"CSCF: Lebensräume die mit dem besuchten Objekt in Kontakt stehen, Code C0 bis C9 (resp. Lebensraumtyp) DELARZE"	"multipleselect"	""	"CON"	""	"CON"	""	""	""	"alle"	"1: Gewässer,1.1: Stehende Gewässer,1.1.0: Stehendes Gewässer ohne Vegetation,1.1.0.1: Tiefgründiges Gewässer (Freiwasserzone),1.1.0.2: Seichtes Gewässer (Litoral, inkl. Tümpel),1.1.1: Armleuchteralgenrasen,1.1.2: Laichkrautgesellschaften,1.1.3: Wasserlinsengesellschaften,1.1.4: Seerosengesellschaften,1.2: Fliessgewässer,1.2.1: Brachsmen- und Barbenregion,1.2.1.1: Breites Fliessgewässer des Flachlands,1.2.1.2: Langsam fliessender Bach im Flachland,1.2.2: Äschenregion (Hyporhithron),1.2.2.0: Äschenregion ohne Vegetation,1.2.2.1: Äschenregion mit Vegetation,1.2.3: Untere Forellenregion (Metarhithron),1.2.4: Obere Forellenregion (Epirhithron),1.2.5: Temporärer Wasserlauf,1.3: Quellen und Quellfluren,1.3.0: Überrieselte Fläche, Quelle ohne Vegetation,1.3.1: Kalktuff-Felsspaltengesellschaften,1.3.2: Kalk-Quellflur,1.3.3: Weichwasser-Quellflur,1.4: Unterirdische Gewässer,1.4.1: Porengrundwasser,1.4.2: Kluftgrundwasser,1.4.3: Höhlenbach,1.4.4: Höhlensee,2: Vegetation der Ufer und der Feuchtgebiete,2.0: Ufer ohne Vegetation,2.1: Ufer mit Vegetation,2.1.1: Wasserschlauch-Moortümpelgesellschaften,2.1.2: Röhricht,2.1.2.1: Stillwasser-Röhricht,2.1.2.2: Landschilf-Röhricht,2.1.3: Strandlingsgesellschaften,2.1.4: Bach- und Flussröhricht,2.2: Flachmoore,2.2.1: Grossseggenbestände,2.2.1.1: Grossseggenried,2.2.1.2: Schneidbinsenried,2.2.2: Saures Kleinseggenried,2.2.3: Kalk-Kleinseggenried,2.2.4: Übergangsmoor,2.2.5: Schwemmufervegetation alpiner Wildbäche,2.3: Feucht- und Nasswiesen,2.3.1: Pfeifengraswiese,2.3.2: Sumpfdotterblumenwiese,2.3.3: Spierstaudenflur,2.4: Hochmoore,2.4.1: Torfmoos-Hochmoor,2.5: Zeitweilig überflutete Annuellenfluren,2.5.1: Zwergbinsen-Annuellenflur,2.5.2: Nitrophile Annuellenvegetation,3: Gletscher, Fels, Schutt und Geröll,3.1: Gletscher, Firn,3.1.1: Gletscher,3.1.2: Blockgletscher,3.1.3: Firnfeld (Sommer),3.1.4: Schneefeld (Frühling),3.2: Alluvionen und Moränen,3.2.1: Alluvionen,3.2.1.0: Alluvionen ohne Vegtetation,3.2.1.1: Alluvionen mit krautiger Pioniervegetation,3.2.2: Moräne,3.2.2.0: Moräne ohne Vegetation,3.2.2.1: Moräne mit Pioniervegetation,3.3: Steinschutt- und Geröllfluren,3.3.1: Kalkschutt,3.3.1.1: Kalkschutthalde ohne Gefässpflanzen,3.3.1.2: Alpine Kalkblockflur (hartes Gestein),3.3.1.3: Alpine Kalkschieferflur,3.3.1.4: Feuchte Kalkschuttflur,3.3.1.5: Sommerwarme Kalkschuttflur,3.3.2: Silikatschutt,3.3.2.1: Silikatschutthalde ohne Gefässpflanzen,3.3.2.2: Alpine Silikatschuttflur,3.3.2.3: Sommerwarme Silikatschuttflur,3.4: Felsen,3.4.1: Kalkfelsen,3.4.1.1: Kalkfelsflur ohne Gefässpflanzen,3.4.1.2: Sonnige Kalkfelsflur mit Gefässpflanzen,3.4.1.3: Schattige Kalkfelsflur mit Gefässpflanzen,3.4.2: Silikat-, Serpentinfelsen,3.4.2.1: Silikatfelsflur ohne Gefässpflanzen,3.4.2.2: Silikatfelsflur mit Gefässpflanzen,3.4.2.3: Serpentingesteinsflur,3.5: Höhlen,3.5.1: Bereich der Unterseite von Steinen, Blöcken, etc.,3.5.2: Tierbau (pholeophile Fauna),3.5.3: Höhlenwandgesellschaften (Höhleneingang),3.5.4: Guanohaufen,3.5.5: Künstliche Höhlung (Minen, Tunnel),3.5.6: Lehmablagerung im Höhleninneren,3.5.7: Fels im Höhleninneren,4: Rasen, Wiesen,4.0: Kunstrasen,4.0.1: Kunstwiese auf Fruchtfolgefläche,4.0.2: Kunstrasen auf Sportplätzen, im Siedlungsraum, etc.,4.0.3: Begrünung in Tieflagen (Strassenböschungen usw.),4.0.4: Begrünung in Hochlagen (Skipisten, etc.),4.1: Felsgrus- und Karstfluren,4.1.1: Thermophile Kalkfelsgrusflur,4.1.2: Kalkfelsgrusflur des Gebirges (Karstgebiet),4.1.3: Thermophile Silikatfelsgrusflur,4.1.4: Silikatfesgrusflur des Gebirges,4.2: Wärmeliebende Trockenrasen,4.2.1: Kontinentaler Trockenrasen,4.2.1.1: Inneralpine Felsensteppe,4.2.1.2: Kontinentaler Halbtrockenrasen,4.2.2: Subatlantischer Trockenrasen,4.2.3: Insubrischer Trockenrasen,4.2.4: Subatlantischer Halbtrockenrasen,4.3: Magerrasen der Hochlagen,4.3.1: Blaugrashalde,4.3.2: Polsterseggenrasen,4.3.3: Rostseggenhalde,4.3.4: Nacktriedrasen,4.3.5: Borstgrasweide,4.3.6: Buntschwingelrasen,4.3.7: Krummseggenrasen,4.4: Schneetälchen,4.4.1: Kalk-Schneetälchen,4.4.2: Sauerboden-Schneetälchen,4.5: Fettwiesen und -weiden,4.5.1: Fromentalwiese,4.5.2: Goldhaferwiese,4.5.3: Kammgrasweide,4.5.4: Milchkrautweide,4.6: Grasbrachen,4.6.1: Ruderaler Halbtrockenrasen,4.6.2: Fiederzwenckenbrache,4.6.3: Fromentalbrache,4.6.4: Pfeifengrasbrache,4.6.5: Reitgrasbrache,5: Krautsäume, Hochstaudenfluren, Gebüsche,5.1: Saumgesellschaften,5.1.1: Trockenwarmer Krautsaum,5.1.2: Mesophiler Krautsaum,5.1.3: Feuchter Krautsaum der Tieflagen,5.1.4: Feuchter Krautsaum der höheren Lagen,5.1.5: Nährstoffreicher mesophiler Krautsaum,5.2: Hochstaudenfluren, Waldschläge,5.2.1: Schlagflur, Waldlichtung auf basenreichem Boden,5.2.2: Schlagflur, Waldlichtung auf saurem Boden,5.2.3: Montan-subalpine Hochgrasflur,5.2.4: Subalpine Hochstaudenflur,5.2.5: Adlerfarnflur,5.3: Gebüsche (Waldmäntel, Dickichte, Hecken),5.3.0: Naturferne Pflanzung,5.3.0.1: Naturferne Pflanzung mit sommergrünen Arten,5.3.0.2: Naturferne Pflanzung mit immergrünen Arten,5.3.1: Besenginster-Gebüsche,5.3.2: Trockenwarme Gebüsche auf basenreichem Boden,5.3.3: Schlehen-Brombeergebüsche,5.3.4: Brombeergestrüpp,5.3.5: Gebüschreiche Vorwaldgesellschaften,5.3.6: Gebirgsweidenaue,5.3.7: Moorweidengebüsche,5.3.8: subalpine Karst-Weidengebüsche,5.3.9: Grünerlengebüsche,5.4: Heiden,5.4.1: Subatlantische Zwergstrauchheide,5.4.2: Kontinentale Zwergstrauchheinde,5.4.3: Subalpine Heide auf Kalkboden,5.4.4: Trockene subalpine Zwergstrauchheide,5.4.5: Mesophile subalpine Zwergstrauchheide,5.4.6: Arktisch-alpine Zwergstrauchheide,6: Wälder,6.0: Forstpflanzungen, Einzelbäume,6.0.1: Aufforstung mit Laubgehölzen,6.0.2: Aufforstung mit Nadelgehölzen,6.1: Bruch- und Auenwälder,6.1.1: Erlen-Bruchwald,6.1.2: Silberweiden-Auenwald,6.1.3: Grauerlen-Auenwald,6.1.4: Eschen-Auenwald,6.2: Buchenwälder,6.2.1: Orchideen-Buchenwald,6.2.2: Hainsimsen-Buchenwald,6.2.3: Waldmeister-Buchenwald,6.2.4: Alpenheckenkirschen-Buchenwald,6.2.5: Tannen-Buchenwald,6.3: Andere Laubwälder,6.3.1: Bergahorn-Schluchtwald,6.3.2: Wärmeliebender Linden-Mischwald,6.3.3: Eichen- Hainbuchenwald,6.3.4: Flaumeichenwald,6.3.5: Hopfenbuchenwald der Alpensüdseite,6.3.6: Bodensaurer Eichen-Mischwald,6.3.7: Kastanienwald,6.3.8: Laubwald mit immergrünem Unterholz,6.3.9: Robinien-Sekundärwald,6.3a: Schluchtwälder,6.3b: Eichenwälder,6.3c: Wärmeliebende Sekundärwälder,6.4: Wärmeliebende Föhrenwälder,6.4.1: Pfeifengras-Föhrenwald,6.4.2: Subkontinentaler Kalk-Föhrenwald,6.4.3: Kontinentaler Steppen-Föhrenwald,6.4.3.1: Kalkreicher Steppen-Föhrenwald,6.4.3.2: Kalkarmer Steppen-Föhrenwald,6.4.4: Mesophiler Föhrenwald auf Silikat,6.5: Moorwälder,6.5.1: Birken-Moorwald,6.5.2: Torfmoos-Bergföhrenwald,6.5.3: Torfmoos-Fichtenwald,6.6: Nadelwälder der Hochlagen,6.6.1: Tannen-Fichtenwald,6.6.2: Heidelbeer-Fichtenwald,6.6.3: Lärchen-Arvenwald,6.6.4: Lärchenwald,6.6.5: Bergföhrenwald,7: Pioniervegetation oft gestörter Plätze (Ruderalstandorte),7.1: Trittrasen und Ruderalfluren,7.1.0: Trittflur, Trümmerfeld ohne Vegetation,7.1.1: Feuchte Trittflur,7.1.2: Trockene Trittflur,7.1.3: Subalpiner und alpiner Trittrasen,7.1.4: Einjährige Ruderalgesellschaften,7.1.5: Wärmeliebende Ruderalgesellschaften,7.1.6: Mesophile Ruderalgesellschaften,7.1.7: Alpine Lägerflur (Alpenblackenflur),7.1.8: Lägergesellschaften der Tieflagen,7.2: Anthropogene Steinfluren,7.2.0: Mauer und Steinpflästerung ohne Vegetation,7.2.1: Ruine und alte Mauer,7.2.2: Steinpflästerung,8: Pflanzungen, Äcker, Kulturen,8.1: Baumschulen und Obstgärten,8.1.1: Baumschule aus Laubgehölzen,8.1.2: Baumschule aus Nadelgehölzen,8.1.3: Kastanienhain (ohne Unterholz),8.1.4: Hochstammobstgarten,8.1.5: Niederstammobstgarten,8.1.6: Weinberg,8.1.7: Beerenkultur,8.2: Feldkulturen,8.2.1: Getreidekultur (Brotgetreide), vorwiegend Winterkultur,8.2.1.0: Getreide ohne Ackerbegleitvegetation,8.2.1.1: Ackerbegleitvegetation der sauren Böden,8.2.1.2: Ackerbegleitvegetation kalkreicher Böden,8.2.2: Maïs-, Tabak- und andere Ackerkultur (vorwiegend Sommerkultur),8.2.3: Hackfruchtkultur (Sommerkultur), Gärten,8.2.3.0: Hackfrucht ohne Begleitflora,8.2.3.1: Begleitvegetation der Hackkulturen auf basenarmen Böden,8.2.3.2: Begleitvegetation der Hackkulturen auf kalkhaltigen Lehmböden,8.2.3.3: Begleitvegetation der Hackkulturen auf basenarmen lockeren Böden,8.2.3.4: Begleitvegetation der Hackkulturen auf kalkhaltigen lockeren Böden,9: Bauten, Anlagen,9.1: Lagerplätze, Deponien,9.1.1: Misthaufen,9.1.2: Komposthaufen,9.1.3: Abfalldeponie im Betrieb,9.2: Bauten,9.2.1: Bewohntes Gebäude,9.2.1.1: Keller,9.2.1.2: Bewohnte Räumlichkeit, Wohnung,9.2.1.3: Estrich, Dachstuhl, Dachstock,9.2.1.4: Fassade, Aussenwände,9.2.2: Tierstallungen, Gewächshäuser,9.2.2.1: Kuh- und Pferdestall,9.2.2.2: Schweinestall,9.2.2.3: Kaninchen- und Hühnerstall,9.2.2.4: Treibhaus,9.2.3: Scheune, Schopf,9.2.4: Andere Bauten,9.2.4.1: Turm, Kirchturm,9.2.4.2: Wasserspeicher, Schwimmbad,9.2.4.3: Fabrik, Halle, Lagerhaus,9.2.4.4: Andere Baulichkeiten,9.3: Belagsflächen,9.3.1: Versiegelte Sportplatz, Parkplatz, etc.,9.3.2: Asphalt- oder Betonstrasse,9.3.2.1: Strasse,9.3.2.2: Autobahn,9.3.3: Weg ohne Vegetation,9.4: Bahngleis"	"[object Object]"	""	"" 
"f19cd49bd7b7a150c895041a5d00a65b"	"Ort"	"oArealDelarze"	"23"	"Areal (Delarze)"	"CSCF: Allgemeine Umgebung/Areale Code E1 bis E33,  DELARZE. 3 Felder"	"multipleselect"	""	"ENV"	""	"ENV"	""	""	""	"alle"	"Seegebiet,Auengebiet,Waldgebiet (inkl. subalpine Heiden),Felsen, unbewaldeter Steilhang unterhalb der Waldgrenze,Alpine Rasen und andere alpine Lebensraumtypen,Landwirtschaftszone mit vorwiegend Grasertragsflächen,Landwirtschaftszone mit vorwiegend Ackerland,Begrünte Areale,Unbegrünte Areale,Wohngebiet mit Gärten,Altstadt, Zentrumgebiet und Dorfkern,Industrie- und Gewerbegebiet"	"[object Object]"	""	"" 
"f19cd49bd7b7a150c895041a5d00b4be"	"Ort"	"oSubstratDelarze"	"24"	"Substrat (Delarze)"	"CSCF: Substrat/Mikrohabitat, Code S1 bis S96 DELARZE (S.363)"	"multipleselect"	""	"SUB"	""	"SUB"	"substrat?"	""	""	"alle"	"Luft (im Flug),Wasser,Gewässerboden (Benthos),Wasser (schwimmend, treibend),Wasser (treibend),Schnee,Eis,Schlamm, Schlick,Ton,Lehm,Sand,Kies,Schotter, Steine, verwitterter Fels,Schotter,Steine (inkl. verstreute Einzelsteine),verwitterte, mineralische Partikel,grosser Felsblock,Felsplatte, schräge Felsoberfläche,Tuff,Boden mit organischen Bestandteilen,mineraliger Boden, Feinmaterial,sandiger Boden,kiesiger Boden,steiniger Boden,Torf,Rohhumus, Moder,Mull (organisch angereicherter Oberboden),Pflanzenreste,Laubstreue,Riedstreue, Heu,Rindenstücke, Sägemehl,Früchte, herabgefalleneTannenzapfen,Lebendes, nicht verholztes Gewebe,Wurzeln,Stengel,Blätter,Blüten,Früchte, Samen,Flechten,Pilze,Pilzfuss,Pilzhut,Moose,Algen,Lebendes Holzgewebe,Wurzel,Strunk,Strunkrinde,Stamm,Stammrinde,Ast (> 10 cm D),Astrinde,Zweige,Ästchen,Blätter,Blüten,Früchte, Samen,Hohlräume, Löcher (Baum, Stamm...),Hohlraum,Spechthöhle,Insektengänge,Spalt, Bruchstelle (Wind, Blitz),Bau (in der Erde),Spalt, Riss (Mauer, Fels),Nest,Säugernest,Wespennest,Ameisenhaufen,Vogelnistkasten,Fledermausnistkasten,Spinnennetz, Spinnenhöhle,Abfall, organische Deponien,Kompost,Mist,Gülle,Kot, Dung,Kadaver,Spülsaum, Hochwassersaum mit org. Auflage,Schale,Künstliches Substrat, verändert,Beton, Mörtel,Teer,Glas,Metall,Anorganische Abfälle (Sperrgut),Asche (alte Feuerstelle),Schutthaufen,Erdhaufen,Bearbeiteter Untergrund,gelagertes Holz (Stapel, Rundholz),Bretter, Gebälk,Täfer,Trennwand, Zwischenwand,Fussboden,Store,Fensterladen"	"[object Object]"	""	"" 
"f19cd49bd7b7a150c895041a5d00bc3b"	"Ort"	"oSubstratFlora"	"25"	"Substrat (Flora)"	"ZDSF: Substrat, z.B. Kalk, Torf, Sand, Boden-pH etc."	"textarea"	""	"SUBSTRAT"	"SUBSTRAT"	""	""	""	""	"Flora"	""	"[object Object]"	""	"" 
"f19cd49bd7b7a150c895041a5d00c815"	"Ort"	"oSubstratFauna"	"26"	"Substrat (Fauna)"	"CSCF: Substrat (System CSCF, nicht identisch mit Substrat bei Delarze)"	"multipleselect"	""	"fkAASUB"	""	"SUB"	""	""	""	"Amphibien,Eintagsfliegen,Fische,Hautfluegler,Heuschrecken,Kaefer,Koecherfliegen,Krebse,Laufkaefer,Libellen,Mollusken,Nachtfalter,Netzfluegler,Reptilien,Saeugetiere,Spinnen,Steinfliegen,Tagfalter,Tausendfuessler,Unbekannt,Voegel,Wanzen,Zikaden,Zweifluegler"	"1.10 Luft (im Flug),1.20 Wasser,1.21 Gewässerboden (Benthos),1.22 Wasser (schwimmend, treibend),1.23 Wasser (treibend),3.01 Eis, Schnee,3.02 Eis,3.10 Schlamm, Ton, Lehm (feine Sedimente),3.11 Schlamm, Schlick,3.12 Ton,3.13 Lehm,3.20 Sand, Kies (grobe Sedimente),3.21 Sand,3.22 Kies,3.30 Schotter, Steine, verwitterter Fels,3.31 Schotter,3.32 Steine (inkl. verstreute Einzelsteine),3.33 verwitterte, mineralische Partikel,3.34 grosser Felsblock,3.35 Felsplatte, schräge Felsoberfläche,3.36 Tuff,3.40 Boden mit organischen Bestandteilen,3.41 mineraliger Boden, Feinmaterial,3.42 sandiger Boden,3.43 kiesiger Boden,3.44 steiniger Boden,3.45 Torf,3.46 Rohhumus, Moder,3.47 Mull (organisch angereicherter Oberboden),4.00 Pflanzenreste,4.01 Laubstreue,4.02 Riedstreue, Heu,4.03 Rindenstücke, Sägemehl,4.04 Früchte, herabgefalleneTannenzapfen,4.10 Lebendes, nicht verholztes Gewebe,4.11 Wurzeln,4.12 Stengel,4.13 Blätter,4.14 Blüten,4.15 Früchte, Samen,4.20 Flechten,4.30 Pilze,4.31 Pilzfuss,4.32 Pilzhut,4.40 Moose,4.50 Algen,6.10 Lebendes Holzgewebe,6.10 Wurzel,6.10 Strunk,6.11 Strunkrinde,6.10 Stamm,6.11 Stammrinde,6.10 Ast (> 10 cm Ø),6.11 Astrinde,6.10 Zweige,6.10 Ästchen,6.10 Blätter,6.10 Blüten,6.10 Früchte, Samen,7.00 Hohlräume, Löcher (Baum, Stamm...),7.01 Hohlraum,7.02 Spechthöhle,7.03 Insektengänge,7.04 Spalt, Bruchstelle (Wind, Blitz),7.00 Bau (in der Erde),7.00 Spalt, Riss (Mauer, Fels),7.10 Nest, Nistkaste,7.11 Nest,7.12 Säugernest,7.13 Wespennest,7.14 Ameisenhaufen,7.15 Vogelnistkasten,7.16 Fledermausnistkasten,7.17 Spinnennetz, Spinnenhöhle,8.00 Abfall, organische Deponien,8.01 Kompost,8.02 Mist,8.03 Gülle,8.04 Kot, Dung,8.05 Kadaver,8.06 Spülsaum, Hochwassersaum mit org. Auflage,8.07 Schale,9.00 Künstliches Substrat, verändert,9.01 Beton, Mörtel,9.02 Teer,9.03 Glas,9.04 Metall,9.10 Anorganische Abfälle (Sperrgut),9.11 Asche (alte Feuerstelle),9.12 Schutthaufen,9.13 Erdhaufen,9.20 Bearbeiteter Untergrund,9.21 gelagertes Holz (Stapel, Rundholz),9.22 Bretter, Gebälk,9.23 Täfer,9.24 Trennwand, Zwischenwand,9.25 Fussboden,9.26 Store,9.27 Fensterladen"	"[object Object]"	""	"" 
"f19cd49bd7b7a150c895041a5d00c9e4"	"Ort"	"oSubstratPilze"	"27"	"Substrat (Pilze)"	"WSL Pilze: Substrat (eigenes System, Grob- und Feineinteilung zusammengefasst)"	"multipleselect"	""	""	""	""	""	""	"Substrat"	"Pilze"	"an Streu, Kompost oder oberirdische Pflanzenteile,Nadelstreu,Laubstreu,Laub- und Nadelstreu,Gras- und Krautstreu,Stallstreu,Kompost, Komposthaufen,Farne,Graeser,Kraeuter,auf Humus / Torf,an Holz,Nadelholz,Laubholz,Laubholz und/oder Nadelholz,auf Sand, sandigen Boeden,auf Wurzeln und Rhizomen (Kraeuter),Wurzeln,auf Dung,Kuhdung,Pferdedung,Hirschlosung,Rehlosung,Schweins- und Wildschweinlosung,Hasen- und Kaninchenlosung,Schafdung,Ziegendung,Hundekot,Katzenkot,Vogeldung,Sonstiger Kot,auf Brandstellen,Holzkohle,auf Pilzen,auf mehrjaehrigen Frk,auf einjaehrigen Frk,an Zapfen, holzigen Fruechten,Zapfen,Fruechte,tierische und sonstige Substrate,Insekten,Horn, Gewoelle,Nematoden,Sonstige,an Moosen/Flechten,Lebermoose,Laubmoose,Torfmoose,Laub- und Torfmoose,Laub- und Lebermoose,Flechten"	"[object Object]"	""	"" 
"f19cd49bd7b7a150c895041a5d00d0b9"	"Ort"	"oHolzabbaugrad"	"28"	"Holzabbaugrad (Pilze)"	"WSL Pilze"	"multipleselect"	""	""	""	""	""	""	"Holzabbaugrad"	"Pilze"	"Frischholz (saftführend),,Totholz (saftlos, fest, das Messer dringt nur sehr schwer ein),,Morschholz (weniger fest, das Messer dringt in Richtung der Faserung ziemlich leicht ein, nicht aber quer),Moderholz (sehr wenig fest, das Messer dringt in jeder Richtung leicht ein),Mulmholz (sehr locker, kaum noch zusammenhängend)"	"[object Object]"	""	"" 
"f19cd49bd7b7a150c895041a5d00df67"	"Ort"	"oHolzqualität"	"29"	"Holzqualität (Pilze)"	"WSL Pilze"	"multipleselect"	""	""	""	""	""	""	"Holzqualität"	"Pilze"	"Holzabfall, Holz- und Rindenschnitzel,stehendes Stamm- und Astholz,liegendes Stamm- und Astholz,liegende Aeste (0.5-10 cm Durchmesser),liegende Zweige,Stuempfe, Wurzelstoecke und Baumwurzeln,Kernholz,Splintholz,Rinde und Borke"	"[object Object]"	""	"" 
"f19cd49bd7b7a150c895041a5d00e0dd"	"Ort"	"oStrukturDelarze"	"30"	"Struktur (Delarze)"	"CSCF: Struktur im Lebensraum (3 Felder)"	"multipleselect"	""	"fkAAcstru"	""	"STRU"	""	""	""	"alle"	"Beton, Mörtel,Teer,Glas, Keramik, Kunstoff, Metall,Holz,Schlamm, Schlick,Ton,Lehm,gemischter Boden mit vorwiegend Feinpartikeln, kaum organische Substanzen,Sand,Kies,Kiesgrund mit wenig organischem Anteil,Schotter,Steine,verwitterte, mineralische Partikel,Felsplatte, schräge Felsoberfläche,senkrechte Felswand,Überhang, Felsvorsprung,grosser Felsblock,Torf,Rohhumus, Moder,Mull,Kompost,Mist,Kot, Dung,Kadaver, verwesender Körper,Laubstreue,Riedstreue, Heu,Stengel, abgestorbenes Feinastmaterial,totes Astmaterial, toter Baumstamm,abgestorbene Baumstrünke,Wurzeln,Rinde,Spülsaum, Hochwassersaum mit org. Auflage,Blätter,Stengel,Blüten,Früchte, Samen,Flechten,Pilze,Moose,Algen,Zweige,Ast (> 10 cm Durchmesser),Stamm,Strunk,Luft,Wasser,Eis, Schnee,Nest,Bau,Ameisenhaufen"	"[object Object]"	""	"" 
"f19cd49bd7b7a150c895041a5d00e5a3"	"Ort"	"oSpezialobjektDelarze"	"31"	"Spezialobjekt (Delarze)"	"CSCF: Feld OBJ_PART, Spezialobjekte Bezeichnung nach Liste DELARZE"	"multipleselect"	""	"fkAA2"	""	"OBJ_PART"	""	""	""	"alle"	"Abfalldeponie,Absetzbecken,Acker,Ackerterrasse,Autobahn-Mittelstreifen,Bach,Bach (Wild-),Bahn: Geleise,Bahn: Rangierareal,Bankett (Randstreifen),Barriere (Einzäunung),Baumallee,Baumpark (Arboretum),Begrüntes Dach,Bewässerungsgraben, -rinne,Blockwurf,Böschung: Absturz,Böschung: Autobahn,Böschung: Eisenbahn,Böschung: gemähte Kanal-,Böschung: Strasse,Brachfläche (Kulturrotation),Brücke (über Wasserlauf),Brunnen,Einzelbaum, Solitärbaum,Feldgehölz,Felsband, bewachsen,Felsenheide (garide),Felswand,Feuerstelle,Fischzuchtanlage,Flachwasser,Flugfeld,Fluss,Fluss, eingedämmt,Fluss, natürlich,Flussaltarm,Flussdelta,Flussmündung,Friedhof,Garten: Botanischer Garten,Garten: Familiengarten,Garten: Gemüse-,Graben (stehendes Wasser),Grube: Gülleloch,Grube: Kies-,Grube: Ton-,Grube: Torf-,Grundwasser,Hafen,Hangfuss,Hangmoor,Hangoberteil, -scheitel,Hecke: Baum-,Hecke: Mittel- (Hochsträucher),Hecke: Nieder- (Kleinsträucher),Heckenlandschaft,Hochwasserabscheider (Überlaufbauwerk),Kahlschlag,Kanal mit Natursohle,Kanal zur Entwässerung,Kanal, betoniert,Karst: Doline,Karstiges Gelände,Kiesstrand,Lawinenrunse,Mast,Militär: Bunker,Militär: Panzersperre,Motocrossgelände,Ödland, vergandetes Land,Parkanlage (Stadtgrün),Parkplatz,Rückhaltebecken,Sägerei,Schwimmbad,See (>10 ha Fläche),See: Berg-,See: Stau-,Seeufer,Skipiste,Sportplatz,Steilufer,Steinbruch,Strand,Teich in Garten,Teich in Kiesgrube,Teich mit künstlichem Überlauf,Thermalquelle,Torfstich,Tümpel,Tunnel,Überhang,Waffenplatz,Wald: Dickung (D <10 cm),Wald: Hochwald,Wald: Mittel-,Wald: Nieder-,Wald: Stangenholz (D >10 cm),Waldrand nur mit Mantel,Waldrand ohne Abschluss,Waldrand vollständig gestuft,Wasserfall,Wasserpfütze, Schlenke,Weide im Feuchtgebiet, Moor,Weide im Wald,Wiese: extensiv,Wiese: intensiv genutzt,Wiese: Streuewiese,Windbruch/-wurf (Wald),Ziegelei"	"[object Object]"	""	"" 
"f19cd49bd7b7a150c895041a5d00f0af"	"Ort"	"oTotholzZustand"	"32"	"Zustand Totholz (Fauna)"	"CSCF: Zustand Totholz gemäss Liste CSCF (Kombination von verschiedenen Codes)"	"textinput"	"text"	"fsub"	""	"fsub"	""	""	""	"Amphibien,Eintagsfliegen,Fische,Hautfluegler,Heuschrecken,Kaefer,Koecherfliegen,Krebse,Laufkaefer,Libellen,Mollusken,Nachtfalter,Netzfluegler,Reptilien,Saeugetiere,Spinnen,Steinfliegen,Tagfalter,Tausendfuessler,Unbekannt,Voegel,Wanzen,Zikaden,Zweifluegler,Pilze"	""	"[object Object]"	""	"" 
"f19cd49bd7b7a150c895041a5d00f99d"	"Ort"	"oAnthropStörungenDelarze"	"33"	"Anthropogene Störungen (Delarze)"	"CSCF: Anthropogene Störungen, Code A1 bis A11 (DELARZE)"	"multipleselect"	""	"ANT"	""	"ANT"	""	""	""	"alle"	"Mahd,Beweidung,Überdüngung, Eutrophierung,Stark naturfern gestalteter Lebensraum,Pflanzung nicht einheimischer Arten,Feuer, Abbrennen,Mechanische Störungen,Chemische Verschmutzung (ausgenommen Eutrophierung),Zerstückelter und zerschnittener Lebensraum,Störungen infolge der Anwesenheit von Menschen,Regelmässige Nachtbeleuchtung"	"[object Object]"	""	"" 
"f19cd49bd7b7a150c895041a5d010210"	"Ort"	"oDynamischeProzesseDelarze"	"34"	"Dynamische Prozesse (Delarze)"	"CSCF: Bedeutungsvolle dynamische Prozesse, Code D1 bis D2 (Werte ohne D) DELARZE"	"checkbox"	""	"DYN"	""	"DYN"	""	""	""	"alle"	"Akkumulation,Erosion"	"[object Object]"	""	"" 
"f19cd49bd7b7a150c895041a5d01099c"	"Ort"	"oHydrologieDelarze"	"35"	"Hydrologie (Delarze)"	"CSCF: Hydrologie - Wasserhaushalt, Code H1 bis H5 (Werte ohne H) DELARZE"	"checkbox"	""	"HYD"	""	"HYD"	""	""	""	"alle"	"Schlechte bis keine Wasserversorgung,Schwankende, schlechte Wasserversorgung,Schwankende, mittlere Wasserversorgung,Schwankende, gute Wasserversorgung,Konstante, gute Wasserversorgung"	"[object Object]"	""	"" 
"f19cd49bd7b7a150c895041a5d011659"	"Ort"	"oBaumUmgebung"	"36"	"Benachbarte Bäume (Pilze)"	"WSL Pilze: Möglichkeit, benachbarte Bäume aufzulisten."	"multipleselect"	""	""	""	""	""	""	""	"Pilze"	"Acacia dealbata Link,Acer campestre L.,Acer negundo L.,Acer opalus Mill.,Acer platanoides L.,Acer pseudoplatanus L.,Acer saccharinum,Aesculus hippocastanum L.,Ailanthus altissima (Mill.) Swingle,Albizia julibrissin,Alnus brembana Rota,Alnus cordata,Alnus glutinosa (L.) Gaertn.,Alnus incana (L.) Moench,Alnus viridis (Chaix) DC.,Alnus viridis aggr.,Amelanchier lamarckii,Amelanchier ovalis,Amelanchier ovalis aggr.,Amelanchier ovalis Medik.,Amelanchier spicata,Amorpha fruticosa L.,Aucuba japonica Thunb.,Berberis julianae,Berberis thunbergii DC.,Berberis verruculosa,Berberis vulgaris L.,Betula alba aggr.,Betula humilis Schrank,Betula nana L.,Betula pendula Roth,Betula pubescens Ehrh.,Betula tortuosa,Buddleja davidii Franch.,Bupleurum fruticosum,Calicotome spinosa,Capparis orientalis,Capparis spinosa aggr.,Capparis spinosa L.,Carpinus betulus L.,Castanea sativa Mill.,Catalpa bignonioides,Catalpa speciosa,Cedrus atlantica,Celtis australis L.,Celtis occidentalis,Cercis siliquastrum L.,Chaenomeles japonica,Chamaecyparis lawsoniana (A. Murray bis) Parl.,Cinnamomum glanduliferum C. F. W. Meissn.,Colutea arborescens aggr.,Colutea arborescens L.,Colutea gallica,Coriaria myrtifolia,Cornus alba,Cornus alba aggr.,Cornus hungarica,Cornus sanguinea aggr.,Cornus sanguinea L.,Cornus sericea L.,Cotinus coggygria Scop.,Cotoneaster delphinensis,Cotoneaster dielsianus,Cotoneaster divaricatus Rehder & E. H. Wilson,Cotoneaster horizontalis aggr.,Cotoneaster horizontalis Decne.,Cotoneaster integerrimus aggr.,Cotoneaster integerrimus Medik.,Cotoneaster intermedius,Cotoneaster juranus,Cotoneaster raboutensis,Cotoneaster simonsii,Cotoneaster tomentosus Lindl.,Cupressus sempervirens L.,Cydonia oblonga Mill.,Cytisophyllum sessilifolium (L.) O. Lang,Cytisus atratus,Cytisus emeriflorus Rchb.,Cytisus nigricans aggr.,Cytisus nigricans L.,Cytisus scoparius (L.) Link,Cytisus villosus,Daphne alpina aggr.,Daphne alpina L.,Daphne laureola L.,Daphne mezereum L.,Daphne scopoliana,Deutzia scabra,Diospyros kaki,Diospyros lotus L.,Erica multiflora,Erica scoparia,Euonymus europaeus L.,Euonymus latifolius (L.) Mill.,Euonymus verrucosus Scop.,Fagus sylvatica L.,Ficus carica L.,Forsythia intermedia,Frangula alnus Mill.,Frangula rupestris (Scop.) Schur,Fraxinus excelsior aggr.,Fraxinus excelsior L.,Fraxinus ornus L.,Fraxinus oxycarpa,Genista cinerea (Vill.) DC.,Genista scorpius (L.) DC.,Gleditsia triacanthos L.,Hibiscus syriacus,Hippocrepis emeroides,Hippocrepis emerus (L.) Lassen,Hippocrepis emerus aggr.,Jasminum fruticans L.,Jasminum nudiflorum Lindl.,Jasminum officinale L.,Juglans regia L.,Kerria japonica,Larix decidua Mill.,Ligustrum ibota,Ligustrum ovalifolium,Ligustrum sinense,Ligustrum vulgare L.,Liriodendron tulipifera,Lonicera alpigena L.,Lonicera caerulea aggr.,Lonicera caerulea L.,Lonicera nigra L.,Lonicera nitida E. H. Wilson,Lonicera pallasii,Lonicera tatarica L.,Lonicera xylosteum L.,Lycium barbarum aggr.,Lycium barbarum L.,Lycium chinense Mill.,Lycium europaeum,Mahonia aquifolium (Pursh) Nutt.,Malus dasyphylla,Malus domestica Borkh.,Malus prunifolia,Malus sylvestris (L.) Mill.,Malus sylvestris aggr.,Mespilus germanica L.,Myrtus communis L.,Olea europaea L.,Ononis fruticosa L.,Opuntia imbricata (Haw.) DC.,Ostrya carpinifolia Scop.,Paliurus spina-christi Mill.,Paulownia tomentosa (Thunb.) Steud.,Philadelphus coronarius L.,Phillyrea angustifolia,Phillyrea latifolia aggr.,Phillyrea latifolia L.,Physocarpus opulifolius (L.) Maxim.,Picea abies (L.) H. Karst.,Pinus cembra L.,Pinus engadiniensis,Pinus halepensis,Pinus mugo subsp. uncinata (DC.) Domin,Pinus mugo Turra s.str.,Pinus nigra J. F. Arnold,Pinus pinaster,Pinus strobus L.,Pinus sylvestris,Pinus sylvestris L.,Pistacia lentiscus,Pittosporum tobira (Murray) W. T. Aiton,Platanus orientalis L.,Platanus x hispanica Münchh.,Populus alba L.,Populus deltoides,Populus nigra aggr.,Populus nigra L. s.str.,Populus nigra subsp. pyramidalis Celak.,Populus tremula L.,Populus x canescens (Aiton) Sm.,Potentilla fruticosa L.,Prunus armeniaca L.,Prunus avium L.,Prunus brigantina,Prunus cerasifera Ehrh.,Prunus cerasus L. s.str.,Prunus cerasus subsp. acida (Dumort.) Asch. & Graebn.,Prunus domestica aggr.,Prunus domestica L.,Prunus fruticosa,Prunus insititia L.,Prunus padus subsp. petraea (Tausch) Domin,Prunus persica (L.) Batsch,Prunus spinosa L.,Pseudotsuga menziesii (Mirb.) Franco,Pterocarya fraxinifolia,Punica granatum L.,Pyracantha coccinea M. Roem.,Pyrus communis L.,Quercus cerris L.,Quercus coccifera,Quercus coccinea Münchh.,Quercus crenata,Quercus palustris Münchh.,Quercus petraea Liebl.,Quercus pubescens Willd.,Quercus robur aggr.,Quercus robur L.,Quercus rubra aggr.,Quercus rubra L.,Quercus virgiliana,Rhamnus alaternus L.,Rhamnus alpina aggr.,Rhamnus alpina L.,Rhamnus cathartica L.,Rhamnus fallax,Rhamnus saxatilis Jacq.,Rhododendron luteum,Ribes alpinum L.,Ribes aureum,Ribes nigrum L.,Ribes petraeum Wulfen,Ribes rubrum aggr.,Ribes rubrum L.,Ribes sanguineum,Ribes spicatum,Ribes uva-crispa L.,Robinia pseudoacacia L.,Rosa abietina H. Christ,Rosa agrestis Savi,Rosa blanda,Rosa caesia Sm.,Rosa canina aggr.,Rosa canina L.,Rosa chavinii Rapin,Rosa corymbifera Borkh.,Rosa dumalis Bechst.,Rosa foetida Herrm.,Rosa gallica L.,Rosa glauca Pourr.,Rosa inodora,Rosa jundzillii Besser,Rosa majalis Herrm.,Rosa micrantha Sm.,Rosa mollis Sm.,Rosa montana Chaix,Rosa pendulina L.,Rosa pouzinii,Rosa pseudoscabriuscula,Rosa rhaetica Gremli,Rosa rubiginosa aggr.,Rosa rubiginosa L.,Rosa rugosa Thunb.,Rosa sherardii Davies,Rosa subcanina (H. Christ) R. Keller,Rosa subcollina (H. Christ) R. Keller,Rosa tomentella aggr.,Rosa tomentella Léman,Rosa tomentosa Sm.,Rosa uriensis (H. Christ) Puget,Rosa villosa aggr.,Rosa villosa L.,Rosa virginiana,Rosmarinus officinalis L.,Salix alba aggr.,Salix alba L.,Salix alpina aggr.,Salix alpina Scop.,Salix apennina A. K. Skvortsov,Salix aurita L.,Salix babylonica L.,Salix bicolor Willd.,Salix breviserrata Flod.,Salix caerulea,Salix caesia Vill.,Salix cinerea L.,Salix elegantissima K. Koch,Salix foetida DC.,Salix fragilis L.,Salix glabra Scop.,Salix glaucosericea Flod.,Salix hastata L.,Salix helvetica Vill.,Salix laggeri Wimm.,Salix mielichhoferi,Salix myrsinifolia aggr.,Salix myrsinifolia Salisb.,Salix myrsinifolia subsp. alpicola auct.,Salix phylicifolia aggr.,Salix phylicifolia L.,Salix purpurea aggr.,Salix purpurea L. s.str. ,Salix purpurea subsp. gracilis (Wimm.) Buser,Salix starkeana,Salix vitellina,Salix waldsteiniana aggr.,Salix waldsteiniana Willd.,Salix x hegetschweileri Heer,Sambucus racemosa L.,Sophora japonica,Sorbaria sorbifolia,Sorbus algoviensis,Sorbus aria (L.) Crantz,Sorbus aria aggr.,Sorbus austriaca,Sorbus chamaemespilus (L.) Crantz,Sorbus chamaemespilus aggr.,Sorbus danubialis,Sorbus doerriana,Sorbus domestica L.,Sorbus graeca,Sorbus intermedia,Sorbus latifolia,Sorbus mougeotii Soy.-Will. & Godr.,Sorbus pannonica,Sorbus torminalis (L.) Crantz,Spartium junceum L.,Spiraea alba,Spiraea chamaedryfolia,Spiraea chamaedryfolia aggr.,Spiraea chamaedryfolia L.,Spiraea douglasii,Spiraea japonica L. f.,Spiraea media,Spiraea pseudosalicifolia,Spiraea salicifolia,Spiraea salicifolia L.,Spiraea thunbergii,Staphylea pinnata L.,Symphoricarpos albus (L.) S. F. Blake,Syringa vulgaris L.,Taxus baccata L.,Teucrium fruticans,Thuja occidentalis L.,Thuja orientalis L.,Thuja plicata D. Don,Tilia cordata aggr.,Tilia cordata Mill.,Tilia platyphyllos Scop.,Tilia tomentosa Moench,Trachycarpus fortunei (Hook.) H. Wendl.,Ulex europaeus L.,Ulex parviflorus,Ulmus glabra aggr.,Ulmus glabra Huds.,Ulmus laevis Pall.,Ulmus minor Mill.,Viburnum farreri,Viburnum lantana L.,Viburnum opulus L.,Viburnum rhytidophyllum Hemsl.,Viburnum tinus L.,Weigela florida"	"[object Object]"	""	"" 
"f19cd49bd7b7a150c895041a5d011ed4"	"Ort"	"oLänge"	"37"	"Länge max."	"CSCF: Maximale Länge des besuchten Objektes (z.B. auch Transsekt)"	"textinput"	"text"	"LNG"	""	"LNG"	""	""	""	"alle"	""	"[object Object]"	""	"" 
"f19cd49bd7b7a150c895041a5d012a55"	"Ort"	"oBreite"	"38"	"Breite max."	"CSCF: Maximale Breite des besuchten Objektes"	"textinput"	"text"	"LRG"	""	"LRG"	""	""	""	"alle"	""	"[object Object]"	""	"" 
"f19cd49bd7b7a150c895041a5d012a79"	"Ort"	"oTiefe"	"39"	"Tiefe max."	"CSCF: Tiefe des besuchten Objektes"	"textinput"	"text"	"PRF"	""	"PRF"	""	""	""	"alle"	""	"[object Object]"	""	"" 
"f19cd49bd7b7a150c895041a5d0133f4"	"Ort"	"oFläche"	"40"	"Fläche m2"	"Aufnahmefläche in m2 (CSCF = SRF, ZDSF = ABS_SURFACE)"	"textinput"	"text"	"Fläche"	"ABS_SURFACE"	"SRF"	""	""	""	"alle"	""	"[object Object]"	""	"" 
"f19cd49bd7b7a150c895041a5d0143da"	"Ort"	"oFlächeKlassiert"	"41"	"Fläche klassiert"	"ZDSF: Aufnahmefläche in Klassen"	"radio"	""	"fkAACATSURF"	"CATSURF"	""	""	""	""	"alle"	"< 5 m2,5-10 m2,10-20 m2,20-50 m2,50-100 m2,100-500 m2,500-1'000m2,1'000-2'500 m2,2'500-5'000 m2,5'000-10'000 m2,>10'000 m2"	"[object Object]"	""	"" 
"f19cd49bd7b7a150c895041a5d01498e"	"Ort"	"oHangneigung"	"42"	"Hangneigung"	"ZDSF: Hangneigung, Angabe in Grad"	"textinput"	"text"	"INCLINAISON"	"INCLINAISON"	""	""	""	""	"alle"	""	"[object Object]"	""	"" 
"f19cd49bd7b7a150c895041a5d014b5f"	"Ort"	"oExposition"	"43"	"Exposition"	"ZDSF: Exposition, z.B. N, W, SE, SSW etc."	"textinput"	"text"	"EXPOSITION"	"EXPOSITION"	""	""	""	""	"alle"	""	"[object Object]"	""	"" 
"f19cd49bd7b7a150c895041a5d014eae"	"Ort"	"oBodenPh"	"44"	"Boden pH"	"ZDSF: Bodenreaktion, pH"	"textinput"	"text"	"PH_SOL"	"PH_SOL"	""	""	""	""	"alle"	""	"[object Object]"	""	"" 
"f19cd49bd7b7a150c895041a5d015126"	"Ort"	"oBodenBemerkungen"	"45"	"Bemerkungen zum Boden"	"ZDSF: Bemerkungen zum Boden, z.B. Bodentyp, anstehender Fels etc."	"textarea"	""	"REM_SOL"	"REM_SOL"	""	""	""	""	"alle"	""	"[object Object]"	""	"" 
"f19cd49bd7b7a150c895041a5d01544e"	"Ort"	"oBemerkungen"	"46"	"Bemerkungen zum Ort"	"Bemerkungen zum Ort"	"textarea"	""	"Bemerkungen"	""	""	""	""	""	"alle"	""	"[object Object]"	""	"" 
"f19cd49bd7b7a150c895041a5d0154be"	"Zeit"	"zDatum"	"47"	"Datum"	"EvabMobile: Datum der Beobachtung"	"textinput"	"date"	"Datum"	"?"	"?"	"sammel_datum"	""	"Funddatum"	"alle"	""	"[object Object]"	""	"" 
"f19cd49bd7b7a150c895041a5d0163df"	"Zeit"	"zUhrzeit"	"48"	"Uhrzeit"	"EvabMobile: Uhrzeit der Beobachtung"	"textinput"	"time"	"Datum"	"?"	"?"	"sammel_datum"	""	""	"alle"	""	"[object Object]"	""	"" 
"f19cd49bd7b7a150c895041a5d016461"	"Zeit"	"zGenauigkeit"	"49"	"Zeit Genauigkeit"	""	"radio"	""	"fkGenauigkeitDatum"	""	""	""	""	"PräzisionDatum"	"alle"	"Jahrzehnt,Jahr,Monat,Tag,Stunde"	"[object Object]"	""	"" 
"f19cd49bd7b7a150c895041a5d01c97b"	"Zeit"	"zDeckungDefinition"	"50"	"Deckung Definition"	"ZDSF: Definition des verwendeten Systems für die Deckungsfelder bDeckung..."	"textinput"	"text"	"DEF_COUVERTURE"	"DEF_COUVERTURE"	""	""	""	""	"alle"	""	"[object Object]"	""	"" 
"f19cd49bd7b7a150c895041a5d01710e"	"Zeit"	"zDeckungAlgen"	"51"	"Deckung Algen"	"ZDSF: Deckung durch Algen, System der Deckungsangaben (m2, % etc.) in bDeckungDefinition erläutern"	"textinput"	"text"	"COUV_ALGUES"	"COUV_ALGUES"	""	""	""	""	"alle"	""	"[object Object]"	""	"" 
"f19cd49bd7b7a150c895041a5d01807f"	"Zeit"	"zDeckungBäume"	"52"	"Deckung Bäume"	"ZDSF: Deckung durch Bäume, System der Deckungsangaben (m2, % etc.) in bDeckungDefinition erläutern"	"textinput"	"text"	"COUV_ARBRES"	"COUV_ARBRES"	""	""	""	""	"alle"	""	"[object Object]"	""	"" 
"f19cd49bd7b7a150c895041a5d018f26"	"Zeit"	"zDeckungSträucher"	"53"	"Deckung Sträucher"	"ZDSF: Deckung durch Sträucher, System der Deckungsangaben (m2, % etc.) in bDeckungDefinition erläutern"	"textinput"	"text"	"COUV_BUISSONS"	"COUV_BUISSONS"	""	""	""	""	"alle"	""	"[object Object]"	""	"" 
"f19cd49bd7b7a150c895041a5d019779"	"Zeit"	"zDeckungKryptogamen"	"54"	"Deckung Kryptogamen"	"ZDSF: Deckung durch Kryptogamen, System der Deckungsangaben (m2, % etc.) in bDeckungDefinition erläutern"	"textinput"	"text"	"COUV_CRYPT"	"COUV_CRYPT"	""	""	""	""	"alle"	""	"[object Object]"	""	"" 
"f19cd49bd7b7a150c895041a5d01a37c"	"Zeit"	"zDeckungWasser"	"55"	"Deckung Wasser"	"ZDSF: Deckung durch Wasser, System der Deckungsangaben (m2, % etc.) in bDeckungDefinition erläutern"	"textinput"	"text"	"COUV_EAU"	"COUV_EAU"	""	""	""	""	"alle"	""	"[object Object]"	""	"" 
"f19cd49bd7b7a150c895041a5d01a902"	"Zeit"	"zDeckungKräuter"	"56"	"Deckung Kräuter"	"ZDSF: Deckung durch Kräuter, System der Deckungsangaben (m2, % etc.) in bDeckungDefinition erläutern"	"textinput"	"text"	"COUV_HERBACEES"	"COUV_HERBACEES"	""	""	""	""	"alle"	""	"[object Object]"	""	"" 
"f19cd49bd7b7a150c895041a5d01b38a"	"Zeit"	"zDeckungFlechten"	"57"	"Deckung Flechten"	"ZDSF: Deckung durch Flechten, System der Deckungsangaben (m2, % etc.) in bDeckungDefinition erläutern"	"textinput"	"text"	"COUV_LICHENS"	"COUV_LICHENS"	""	""	""	""	"alle"	""	"[object Object]"	""	"" 
"f19cd49bd7b7a150c895041a5d01b5ff"	"Zeit"	"zDeckungStreu"	"58"	"Deckung Streu"	"ZDSF: Deckung durch Streu, Totholz etc., System der Deckungsangaben (m2, % etc.) in bDeckungDefinition erläutern"	"textinput"	"text"	"COUV_LITTIERE"	"COUV_LITTIERE"	""	""	""	""	"alle"	""	"[object Object]"	""	"" 
"f19cd49bd7b7a150c895041a5d01c434"	"Zeit"	"zDeckungMoos"	"59"	"Deckung Moos"	"ZDSF: Deckung durch Moose, System der Deckungsangaben (m2, % etc.) in bDeckungDefinition erläutern"	"textinput"	"text"	"COUV_MOUSSES"	"COUV_MOUSSES"	""	""	""	""	"alle"	""	"[object Object]"	""	"" 
"f19cd49bd7b7a150c895041a5d01c618"	"Zeit"	"zDeckungGestein"	"60"	"Deckung Gestein"	"ZDSF: Deckung durch Gestein (gröberer Kies bis anstehender Fels), System der Deckungsangaben (m2, % etc.) in bDeckungDefinition erläutern"	"textinput"	"text"	"COUV_ROCHE"	"COUV_ROCHE"	""	""	""	""	"alle"	""	"[object Object]"	""	"" 
"f19cd49bd7b7a150c895041a5d01c6b6"	"Zeit"	"zDeckungBoden"	"61"	"Deckung Boden"	"ZDSF: Deckung durch nackten  Boden, System der Deckungsangaben (m2, % etc.) in bDeckungDefinition erläutern"	"textinput"	"text"	"COUV_SOLNU"	"COUV_SOLNU"	""	""	""	""	"alle"	""	"[object Object]"	""	"" 
"f19cd49bd7b7a150c895041a5d01c960"	"Zeit"	"zDeckungVegetation"	"62"	"Deckung Vegetation"	"ZDSF: Gesamte Vegetationsdeckung, System der Deckungsangaben (m2, % etc.) in bDeckungDefinition erläutern"	"textinput"	"text"	"COUV_TOT"	"COUV_TOT"	""	""	""	""	"alle"	""	"[object Object]"	""	"" 
"f19cd49bd7b7a150c895041a5d01ce05"	"Zeit"	"zBaumschichtHöheMax"	"63"	"Baumschicht max. Höhe cm"	"ZDSF: maximale Höhe der Baumschicht in Zentimetern"	"textinput"	"number"	"HAUTEUR_ARB_MAX"	"HAUTEUR_ARB_MAX"	""	""	""	""	"alle"	""	"[object Object]"	""	"" 
"f19cd49bd7b7a150c895041a5d01da29"	"Zeit"	"zBaumschichtHöheMin"	"64"	"Baumschicht min. Höhe cm"	"ZDSF: minimale Höhe der Baumschicht in Zentimetern"	"textinput"	"number"	"HAUTEUR_ARB_MIN"	"HAUTEUR_ARB_MIN"	""	""	""	""	"alle"	""	"[object Object]"	""	"" 
"f19cd49bd7b7a150c895041a5d01da39"	"Zeit"	"zBaumschichtHöheMit"	"65"	"Baumschicht mittlere Höhe cm"	"ZDSF: mittlere Höhe der Baumschicht in Zentimetern"	"textinput"	"number"	"HAUTEUR_ARB_MOY"	"HAUTEUR_ARB_MOY"	""	""	""	""	"alle"	""	"[object Object]"	""	"" 
"f19cd49bd7b7a150c895041a5d01e4ee"	"Zeit"	"zStrauchschichtHöheMax"	"66"	"Strauchschicht max. Höhe cm"	"ZDSF: maximale Höhe der Strauchschicht in Zentimetern"	"textinput"	"number"	"HAUTEUR_BUI_MAX"	"HAUTEUR_BUI_MAX"	""	""	""	""	"alle"	""	"[object Object]"	""	"" 
"f19cd49bd7b7a150c895041a5d01e9c6"	"Zeit"	"zStrauchschichtHöheMin"	"67"	"Strauchschicht min. Höhe cm"	"ZDSF: minimale Höhe der Strauchschicht in Zentimetern"	"textinput"	"number"	"HAUTEUR_BUI_MIN"	"HAUTEUR_BUI_MIN"	""	""	""	""	"alle"	""	"[object Object]"	""	"" 
"f19cd49bd7b7a150c895041a5d01f7ff"	"Zeit"	"zStrauchschichtHöheMit"	"68"	"Strauchschicht mittlere Höhe cm"	"ZDSF: mittlere Höhe der Strauchschicht in Zentimetern"	"textinput"	"number"	"HAUTEUR_BUI_MOY"	"HAUTEUR_BUI_MOY"	""	""	""	""	"alle"	""	"[object Object]"	""	"" 
"f19cd49bd7b7a150c895041a5d01fc36"	"Zeit"	"zKrautschichtHöheMax"	"69"	"Krautschicht max. Höhe cm"	"ZDSF: maximale Höhe der Krautschicht in Zentimetern"	"textinput"	"number"	"HAUTEUR_HERB_MAX"	"HAUTEUR_HERB_MAX"	""	""	""	""	"alle"	""	"[object Object]"	""	"" 
"f19cd49bd7b7a150c895041a5d0205f7"	"Zeit"	"zKrautschichtHöheMin"	"70"	"Krautschicht min. Höhe cm"	"ZDSF: minimale Höhe der Krautschicht in Zentimetern"	"textinput"	"number"	"HAUTEUR_HERB_MIN"	"HAUTEUR_HERB_MIN"	""	""	""	""	"alle"	""	"[object Object]"	""	"" 
"f19cd49bd7b7a150c895041a5d02140e"	"Zeit"	"zKrautschichtHöheMit"	"71"	"Krautschicht mittlere Höhe cm"	"ZDSF: mittlere Höhe der Krautschicht in Zentimetern"	"textinput"	"number"	"HAUTEUR_HERB_MOY"	"HAUTEUR_HERB_MOY"	""	""	""	""	"alle"	""	"[object Object]"	""	"" 
"f19cd49bd7b7a150c895041a5d022012"	"Zeit"	"zVegHöheMax"	"72"	"Vegetation max. Höhe cm"	"ZDSF: maximale Höhe der Vegetation in Zentimetern"	"textinput"	"number"	"HAUTEUR_VEGETATION_MAX"	"HAUTEUR_VEGETATION_MAX"	""	""	""	""	"alle"	""	"[object Object]"	""	"" 
"f19cd49bd7b7a150c895041a5d0222ab"	"Zeit"	"zVegHöheMin"	"73"	"Vegetation min. Höhe cm"	"ZDSF: minimale Höhe der Vegetation in Zentimetern"	"textinput"	"number"	"HAUTEUR_VEGETATION_MIN"	"HAUTEUR_VEGETATION_MIN"	""	""	""	""	"alle"	""	"[object Object]"	""	"" 
"f19cd49bd7b7a150c895041a5d0224a4"	"Zeit"	"zVegHöheMit"	"74"	"Vegetation mittlere Höhe cm"	"ZDSF: mittlere Höhe der Vegetation in Zentimetern"	"textinput"	"number"	"HAUTEUR_VEGETATION_MOY"	"HAUTEUR_VEGETATION_MOY"	""	""	""	""	"alle"	""	"[object Object]"	""	"" 
"f19cd49bd7b7a150c895041a5d023255"	"Zeit"	"zMoosschichtHöheMit"	"75"	"Moosschicht mittlere Höhe cm"	"ZDSF: mittlere Höhe der Moosschicht in Zentimetern"	"textinput"	"number"	"HAUTEUR_MOU"	"HAUTEUR_MOU"	""	""	""	""	"alle"	""	"[object Object]"	""	"" 
"f19cd49bd7b7a150c895041a5d023e99"	"Zeit"	"zFlechtenschichtHöheMit"	"76"	"Flechtenschicht mittlere Höhe cm"	"ZDSF: mittlere Höhe der Flechten in Zentimetern"	"textinput"	"number"	"HAUTEUR_LICH"	"HAUTEUR_LICH"	""	""	""	""	"alle"	""	"[object Object]"	""	"" 
"f19cd49bd7b7a150c895041a5d0246dd"	"Zeit"	"zKryptogamenschichtHöheMit"	"77"	"Kryptogamenschicht mittlere Höhe cm"	"ZDSF: mittlere Höhe der Kryptogamen in Zentimetern"	"textinput"	"number"	"HAUTEUR_CRYPT"	"HAUTEUR_CRYPT"	""	""	""	""	"alle"	""	"[object Object]"	""	"" 
"f19cd49bd7b7a150c895041a5d024b70"	"Zeit"	"zBemerkungen"	"78"	"Zeit Bemerkungen"	""	"textarea"	""	"Bemerkungen"	""	""	""	""	""	"alle"	""	"[object Object]"	""	"" 
"f19cd49bd7b7a150c895041a5d024da0"	"Art"	"aMeldungTyp"	"79"	"Typ der Meldung"	"ZDSF: Typ der Meldung (Feldbeobachtung, Herbarbeleg, Literaturangabe)"	"radio"	""	"fkAA1"	"?"	""	""	""	"Erhebungen (aber auch pProjektName)"	"Amphibien,Eintagsfliegen,Fische,Flora,Hautfluegler,Heuschrecken,Kaefer,Koecherfliegen,Krebse,Laufkaefer,Libellen,Mollusken,Moose,Nachtfalter,Netzfluegler,Pilze,Reptilien,Saeugetiere,Spinnen,Steinfliegen,Tagfalter,Tausendfuessler,Unbekannt,Voegel,Wanzen,Zikaden,Zweifluegler,Pilze"	"Feldbeobachtung,Herbarbeleg,Literaturangabe"	"Feldbeobachtung"	""	"" 
"f19cd49bd7b7a150c895041a5d0251a3"	"Art"	"aArtGruppe"	"80"	"Artgruppe"	""	"selectmenu"	""	"Artgruppe"	""	""	""	""	""	"Amphibien,Eintagsfliegen,Fische,Flora,Hautfluegler,Heuschrecken,Kaefer,Koecherfliegen,Krebse,Laufkaefer,Libellen,Mollusken,Moose,Nachtfalter,Netzfluegler,Pilze,Reptilien,Saeugetiere,Spinnen,Steinfliegen,Tagfalter,Tausendfuessler,Unbekannt,Voegel,Wanzen,Zikaden,Zweifluegler,Pilze"	""	"[object Object]"	""	"" 
"f19cd49bd7b7a150c895041a5d025c14"	"Art"	"aArtName"	"81"	"Artname"	""	"selectmenu"	""	"NOM_ORIGINAL"	"NOM_ORIGINAL"	""	""	""	""	"Amphibien,Eintagsfliegen,Fische,Flora,Hautfluegler,Heuschrecken,Kaefer,Koecherfliegen,Krebse,Laufkaefer,Libellen,Mollusken,Moose,Nachtfalter,Netzfluegler,Pilze,Reptilien,Saeugetiere,Spinnen,Steinfliegen,Tagfalter,Tausendfuessler,Unbekannt,Voegel,Wanzen,Zikaden,Zweifluegler,Pilze"	""	"[object Object]"	""	"" 
"f19cd49bd7b7a150c895041a5d026a02"	"Art"	"aArtId"	"82"	"Art ID"	"GUID der Art"	"textinput"	"text"	""	""	""	""	""	"Art"	"Amphibien,Eintagsfliegen,Fische,Flora,Hautfluegler,Heuschrecken,Kaefer,Koecherfliegen,Krebse,Laufkaefer,Libellen,Mollusken,Moose,Nachtfalter,Netzfluegler,Pilze,Reptilien,Saeugetiere,Spinnen,Steinfliegen,Tagfalter,Tausendfuessler,Unbekannt,Voegel,Wanzen,Zikaden,Zweifluegler,Pilze"	""	"[object Object]"	""	"" 
"f19cd49bd7b7a150c895041a5d02799c"	"Art"	"aArtNameUnsicher"	"83"	"Bestimmung unsicher"	"ZDSF: Unsichere Artbestimmung?"	"radio"	""	"DETERMINAVIT_CF"	"DETERMINAVIT_CF"	""	"cf_bestimmung"	""	"PräzisionDerBestimmung (WSL kennt: sicher, unsicher, aggregat. Aggregat ist eine Eigenschat der gewählten Art, somit redundant > verzichten)"	"Amphibien,Eintagsfliegen,Fische,Flora,Hautfluegler,Heuschrecken,Kaefer,Koecherfliegen,Krebse,Laufkaefer,Libellen,Mollusken,Moose,Nachtfalter,Netzfluegler,Pilze,Reptilien,Saeugetiere,Spinnen,Steinfliegen,Tagfalter,Tausendfuessler,Unbekannt,Voegel,Wanzen,Zikaden,Zweifluegler,Pilze"	"ja,nein"	"nein"	""	"" 
"f19cd49bd7b7a150c895041a5d028342"	"Art"	"aArtNameVerifiziertDurch"	"84"	"verifiziert durch"	"ZDSF: Artbestimmung verifiziert durch..."	"textinput"	"text"	"DETERMINAVIT"	"DETERMINAVIT"	""	""	""	""	"Amphibien,Eintagsfliegen,Fische,Flora,Hautfluegler,Heuschrecken,Kaefer,Koecherfliegen,Krebse,Laufkaefer,Libellen,Mollusken,Moose,Nachtfalter,Netzfluegler,Pilze,Reptilien,Saeugetiere,Spinnen,Steinfliegen,Tagfalter,Tausendfuessler,Unbekannt,Voegel,Wanzen,Zikaden,Zweifluegler,Pilze"	""	"[object Object]"	""	"" 
"f19cd49bd7b7a150c895041a5d028fe1"	"Art"	"aArtNameEigener"	"85"	"Eigener Artname"	"WSL Pilze. Eigene Art wählen!"	"textinput"	"text"	""	""	""	""	""	"EigenerArtname"	"Amphibien,Eintagsfliegen,Fische,Flora,Hautfluegler,Heuschrecken,Kaefer,Koecherfliegen,Krebse,Laufkaefer,Libellen,Mollusken,Moose,Nachtfalter,Netzfluegler,Pilze,Reptilien,Saeugetiere,Spinnen,Steinfliegen,Tagfalter,Tausendfuessler,Unbekannt,Voegel,Wanzen,Zikaden,Zweifluegler,Pilze"	""	"[object Object]"	""	"" 
"f19cd49bd7b7a150c895041a5d029b25"	"Art"	"aArtNameBemerkungen"	"86"	"Bemerkungen zur Art"	"ZDSF: Bemerkungen zur Auswahl des Artnamens"	"textarea"	""	"REM_NOM"	"REM_NOM"	""	"taxonomische_anmerkungen"	""	"BemerkungenZurTaxonomie"	"Amphibien,Eintagsfliegen,Fische,Flora,Hautfluegler,Heuschrecken,Kaefer,Koecherfliegen,Krebse,Laufkaefer,Libellen,Mollusken,Moose,Nachtfalter,Netzfluegler,Pilze,Reptilien,Saeugetiere,Spinnen,Steinfliegen,Tagfalter,Tausendfuessler,Unbekannt,Voegel,Wanzen,Zikaden,Zweifluegler,Pilze"	""	"[object Object]"	""	"" 
"f19cd49bd7b7a150c895041a5d02a92c"	"Art"	"aFinder"	"87"	"FinderIn"	"WSL Pilze"	"textinput"	"text"	""	""	""	""	""	"Finder"	"Pilze"	""	"[object Object]"	""	"" 
"f19cd49bd7b7a150c895041a5d02acb0"	"Art"	"aAutor"	"88"	"Autor, Bestimmer"	"EvabMobile: Ist immer der angemeldete User"	"textinput"	"text"	"fkAutor"	""	""	"sammler_name"	""	"Bestimmer"	"Amphibien,Eintagsfliegen,Fische,Flora,Hautfluegler,Heuschrecken,Kaefer,Koecherfliegen,Krebse,Laufkaefer,Libellen,Mollusken,Moose,Nachtfalter,Netzfluegler,Pilze,Reptilien,Saeugetiere,Spinnen,Steinfliegen,Tagfalter,Tausendfuessler,Unbekannt,Voegel,Wanzen,Zikaden,Zweifluegler,Pilze"	""	"[object Object]"	""	"" 
"f19cd49bd7b7a150c895041a5d02ba08"	"Art"	"aMelder"	"89"	"MelderIn"	"WSL Pilze"	"textinput"	"text"	""	""	""	""	""	"Fundmelder"	"Pilze"	""	"[object Object]"	""	"" 
"f19cd49bd7b7a150c895041a5d02c4da"	"Art"	"aPopGrösseKlassiert"	"90"	"Populationsgrösse"	"ZDSF: Populationsgrösse (Mengenklassen)"	"radio"	""	"fkAACATAB, fkAACATABSUP"	"CATAB, CATABSUP"	""	""	""	""	"Flora,Pilze"	"<10 Ex.,11-25 Ex.,26-50 Ex.,51-100 Ex.,101-200 Ex.,200-500 Ex.,500-1'000 Ex.,1'000-2'500 Ex.,2'500-5'000 Ex.,5'000-10'000 Ex.,>10'000 Ex."	"[object Object]"	""	"" 
"f19cd49bd7b7a150c895041a5d02c74b"	"Art"	"aMenge"	"91"	"Menge"	"ZDSF: ABONDANCE is of tblBeobachtungZDSF. WSL Pilze: Anzahl Fruchtkörper"	"textinput"	"text"	"ABONDANCE"	"ABONDANCE"	""	""	""	"Anzahl Fruchtkörper"	"Amphibien,Eintagsfliegen,Fische,Flora,Hautfluegler,Heuschrecken,Kaefer,Koecherfliegen,Krebse,Laufkaefer,Libellen,Mollusken,Moose,Nachtfalter,Netzfluegler,Pilze,Reptilien,Saeugetiere,Spinnen,Steinfliegen,Tagfalter,Tausendfuessler,Unbekannt,Voegel,Wanzen,Zikaden,Zweifluegler,Pilze"	""	"[object Object]"	""	"" 
"f19cd49bd7b7a150c895041a5d02c8db"	"Art"	"aMenge1Anzahl"	"92"	"Anzahl 1"	"ZDSF: Anzahl Pflanzen oder Triebe oder Blüten etc. Dazu gehört Einheit1, welches jedoch kein Mussfeld ist!"	"textinput"	"number"	"CAT_ABONDANCE_1"	"CAT_ABONDANCE_1"	""	""	""	""	"Flora"	""	"[object Object]"	""	"" 
"f19cd49bd7b7a150c895041a5d02d130"	"Art"	"aMenge1Einheit"	"93"	"Einheit 1"	"ZDSF: z.B. Pflanzen, Triebe, Blüten etc. Spezifikation zu Anzahl1!"	"textinput"	"text"	"TYPE_ABONDANCE_1"	"TYPE_ABONDANCE_1"	""	""	""	""	"Flora"	""	"[object Object]"	""	"" 
"f19cd49bd7b7a150c895041a5d02dc43"	"Art"	"aMenge1Genauigkeit"	"94"	"Genauigkeit 1"	"ZDSF: Angaben zur Genauigkeit von CAT_ABONDANCE_1, z.B. gezählt, geschätzt(Untergrenze), geschätzt etc."	"textinput"	"text"	"PREC_ABONDANCE_1"	"PREC_ABONDANCE_1"	""	""	""	""	"Flora"	""	"[object Object]"	""	"" 
"f19cd49bd7b7a150c895041a5d02ea32"	"Art"	"aMenge2Anzahl"	"95"	"Anzahl 2"	"ZDSF: Anzahl Pflanzen oder Triebe oder Blüten etc. Dazu gehört Einheit2, welches jedoch kein Mussfeld ist!"	"textinput"	"number"	"CAT_ABONDANCE_2"	"CAT_ABONDANCE_2"	""	""	""	""	"Flora"	""	"[object Object]"	""	"" 
"f19cd49bd7b7a150c895041a5d02f61b"	"Art"	"aMenge2Einheit"	"96"	"Einheit 2"	"ZDSF: z.B. Pflanzen, Triebe, Blüten etc. Spezifikation zu Anzahl2!"	"textinput"	"text"	"TYPE_ABONDANCE_2"	"TYPE_ABONDANCE_2"	""	""	""	""	"Flora"	""	"[object Object]"	""	"" 
"f19cd49bd7b7a150c895041a5d02fbb2"	"Art"	"aMenge2Genauigkeit"	"97"	"Genauigkeit 2"	"ZDSF: Angaben zur Genauigkeit von CAT_ABONDANCE_2, z.B. gezählt, geschätzt(Untergrenze), geschätzt etc."	"textinput"	"text"	"PREC_ABONDANCE_2"	"PREC_ABONDANCE_2"	""	""	""	""	"Flora"	""	"[object Object]"	""	"" 
"f19cd49bd7b7a150c895041a5d030438"	"Art"	"aMenge3Anzahl"	"98"	"Anzahl 3"	"ZDSF: Anzahl Pflanzen oder Triebe oder Blüten etc. Dazu gehört Einheit3, welches jedoch kein Mussfeld ist!"	"textinput"	"number"	"CAT_ABONDANCE_3"	"CAT_ABONDANCE_3"	""	""	""	""	"Flora"	""	"[object Object]"	""	"" 
"f19cd49bd7b7a150c895041a5d030951"	"Art"	"aMenge3Einheit"	"99"	"Einheit 3"	"ZDSF: z.B. Pflanzen, Triebe, Blüten etc. Spezifikation zu Anzahl3!"	"textinput"	"text"	"TYPE_ABONDANCE_3"	"TYPE_ABONDANCE_3"	""	""	""	""	"Flora"	""	"[object Object]"	""	"" 
"f19cd49bd7b7a150c895041a5d031844"	"Art"	"aMenge3Genauigkeit"	"100"	"Genauigkeit 3"	"ZDSF: Angaben zur Genauigkeit von CAT_ABONDANCE_3, z.B. gezählt, geschätzt(Untergrenze), geschätzt etc."	"textinput"	"text"	"PREC_ABONDANCE_3"	"PREC_ABONDANCE_3"	""	""	""	""	"Flora"	""	"[object Object]"	""	"" 
"f19cd49bd7b7a150c895041a5d0324ae"	"Art"	"aDeckungKlassiertZdsf"	"101"	"Deckung klassiert (ZDSF)"	"ZDSF: Deckung in vorgegebenen Kategorien"	"radio"	""	"fkAACATCOUV"	"CATCOUV"	""	""	""	""	"Flora"	"<5 m2,5-10 m2,10-20 m2,20-50 m2,50-100 m2,100-500 m2,500-1'000 m2,1'000-2'500 m2,2'500-5'000 m2,5'000-10'000 m2,>10'000 m2"	"[object Object]"	""	"" 
"f19cd49bd7b7a150c895041a5d03314d"	"Art"	"aDeckungGesamt"	"102"	"Deckung gesamt"	"EVABspezial(Flora): Deckung in der Gesamtfläche in Prozent; wird bei Export für ZDSF mit DeckKlasse zusammen in ABS_RECOUVREMENT geschrieben; in REM_RECOUVREMENT beim Export Angabe ergänzen, dass es die Deckung in Prozent der Gesamtfläche ist"	"textinput"	"number"	"DeckGesamt"	"ABS_RECOUVREMENT"	""	""	""	""	"Flora"	""	"[object Object]"	""	"100" 
"f19cd49bd7b7a150c895041a5d033415"	"Art"	"aDeckungKlassiertFns"	"103"	"Deckung klassiert (FNS)"	"EVABspezial(Flora): Deckungsklasse (bei Aufnahmen z.B. nach Braun-Blanquet); wird bei Export für ZDSF mit DeckGesamt zusammen in ABS_RECOUVREMENT geschrieben; Klassifizierung in REM_RECOUVREMENT definieren"	"textinput"	"text"	"DeckKlasse"	"ABS_RECOUVREMENT"	""	""	""	""	"Flora"	""	"[object Object]"	""	"" 
"f19cd49bd7b7a150c895041a5d0343f7"	"Art"	"aDeckungBraunBlanquet"	"104"	"Deckung Braun Blanquet"	"Deckung nach Braun-Blanquet"	"radio"	""	""	""	""	""	""	""	"Flora,Moose"	"r,+,<5%,5-10%,10-25%,25-50%,50-75%,75-100%"	"[object Object]"	""	"" 
"f19cd49bd7b7a150c895041a5d034b29"	"Art"	"aVegetationsschicht"	"105"	"Vegetationsschicht"	"ZDSF: Bezeichnung der Vegetationsschicht (z.B. Baumschicht, Krautschicht etc.)"	"radio"	""	"fkAASTRATE"	"STRATE"	""	""	""	""	"Flora"	"Krautschicht,Strauchschicht,Baumschicht,Moosschicht"	"[object Object]"	""	"" 
"f19cd49bd7b7a150c895041a5d03576b"	"Art"	"aVerteilung"	"106"	"Verteilung der Pflanze (Zahl)"	"ZDSF: Verteilung der Pflanze (regelmässig, unregelmässig)"	"textinput"	"number"	"TYPE_COUVERTURE"	"TYPE_COUVERTURE"	""	""	""	""	"Flora"	"einzeln wachsend,in kleinen Gruppen oder horstweise wachsend,in kleinen Flecken oder Polstern wachsend,in mehreren kleinen Kolonien bis ausgedehnten Flecken (Teppiche) wachsend,in grossen, flächendeckenden Herden wachsend,unregelmässig,regelmässig"	"[object Object]"	""	"" 
"f19cd49bd7b7a150c895041a5d03628b"	"Art"	"aVerteilung2"	"107"	"Verteilung der Pflanze (Text)"	"ZDSF: Angaben zur Verteilung/Wachstumsweise auf der Aufnahmefläche (z.B. zerstreut, rasig etc.)"	"textinput"	"text"	"AGREGATION"	"AGREGATION"	""	""	""	""	"Flora"	""	"[object Object]"	""	"" 
"f19cd49bd7b7a150c895041a5d037243"	"Art"	"aAufnahmemethode"	"108"	"Aufnahmemethode"	"ZDSF: Angabe zur Aufnahmemethode, z.B. Braun-Blanquet. Notwendige Ergänzung zu Deckung klassiert! Neu bei ZDSF REM_RECOUVREMENT genannt!"	"textarea"	""	"REM_COUVERTURE"	"REM_RECOUVREMENT"	""	""	""	""	"Flora"	""	"[object Object]"	""	"" 
"f19cd49bd7b7a150c895041a5d0373e4"	"Art"	"aVorhandensein"	"109"	"Vorhandensein"	"ZDSF: Vorhandensein"	"radio"	""	"fkAAPRESENCE"	"PRESENCE"	""	""	""	""	"Amphibien,Eintagsfliegen,Fische,Flora,Hautfluegler,Heuschrecken,Kaefer,Koecherfliegen,Krebse,Laufkaefer,Libellen,Mollusken,Moose,Nachtfalter,Netzfluegler,Pilze,Reptilien,Saeugetiere,Spinnen,Steinfliegen,Tagfalter,Tausendfuessler,Unbekannt,Voegel,Wanzen,Zikaden,Zweifluegler,Pilze"	"vorhanden,erloschen/zerstört,nicht festgestellt/gesehen (ohne Angabe der Wahrscheinlichkeit),nicht festgestellt - Vorhandensein wahrscheinlich,nicht festgestellt - Vorhandensein unsicher/unwahrscheinlich"	"vorhanden"	""	"" 
"f19cd49bd7b7a150c895041a5d0381b4"	"Art"	"aHerkunft"	"110"	"Herkunft"	"ZDSF: Herkunft der Population"	"radio"	""	"fkAAINTRODUIT"	"INTRODUIT"	""	""	""	""	"Amphibien,Eintagsfliegen,Fische,Flora,Hautfluegler,Heuschrecken,Kaefer,Koecherfliegen,Krebse,Laufkaefer,Libellen,Mollusken,Moose,Nachtfalter,Netzfluegler,Reptilien,Saeugetiere,Spinnen,Steinfliegen,Tagfalter,Tausendfuessler,Unbekannt,Voegel,Wanzen,Zikaden,Zweifluegler,Pilze"	"Adventiv, sporadisch (nicht eingebürgert; nur temporär sich haltend),Kultiviert (Forst, Landwirtschaft; Gärten; Parks etc.),Herkunft unklar; Verdacht auf Ansiedlung/Ansalbung,Natürliches Vorkommen (indigene Arten) oder eingebürgertes Vorkommen (Neophyten),Inoffizielle Ansiedlung (offensichtlich gepflanzt/angesalbt; Herkunft unbekannt),Offizielle Wiederansiedlung/Populationsverstärkung (Herkunft bekannt),Verwildert/subspontan; +/- nahe kultivierter Populationen (nicht eingebürgert; oft nur temporär sich haltend)"	"[object Object]"	""	"" 
"f19cd49bd7b7a150c895041a5d0388e1"	"Art"	"aHerkunftQuelle"	"111"	"Quelle für Herkunft"	"ZDSF: Herkunft der Angabe im Feld INTRODUIT"	"textinput"	"text"	"EXPERTISE_INTRODUIT"	"EXPERTISE_INTRODUIT"	""	""	""	""	"Amphibien,Eintagsfliegen,Fische,Flora,Hautfluegler,Heuschrecken,Kaefer,Koecherfliegen,Krebse,Laufkaefer,Libellen,Mollusken,Moose,Nachtfalter,Netzfluegler,Reptilien,Saeugetiere,Spinnen,Steinfliegen,Tagfalter,Tausendfuessler,Unbekannt,Voegel,Wanzen,Zikaden,Zweifluegler,Pilze"	""	"[object Object]"	""	"" 
"f19cd49bd7b7a150c895041a5d038ca1"	"Art"	"aHerkunftBem"	"112"	"Bemerkungen zur Herkunft"	"ZDSF: Bemerkungen zur Herkunft der Population (z.B. zur Wiederansiedlung oder vermuteter Ansalbung"	"textarea"	""	"REM_INTRODUIT"	"REM_INTRODUIT"	""	""	""	""	"Amphibien,Eintagsfliegen,Fische,Flora,Hautfluegler,Heuschrecken,Kaefer,Koecherfliegen,Krebse,Laufkaefer,Libellen,Mollusken,Moose,Nachtfalter,Netzfluegler,Reptilien,Saeugetiere,Spinnen,Steinfliegen,Tagfalter,Tausendfuessler,Unbekannt,Voegel,Wanzen,Zikaden,Zweifluegler,Pilze"	""	"[object Object]"	""	"" 
"f19cd49bd7b7a150c895041a5d039194"	"Art"	"aBedrohung"	"113"	"Bedrohung"	"ZDSF: Potentielle/bekannte Gefährdungsursachen"	"textarea"	""	"MENACES"	"MENACES"	""	""	""	""	"Amphibien,Eintagsfliegen,Fische,Flora,Hautfluegler,Heuschrecken,Kaefer,Koecherfliegen,Krebse,Laufkaefer,Libellen,Mollusken,Moose,Nachtfalter,Netzfluegler,Pilze,Reptilien,Saeugetiere,Spinnen,Steinfliegen,Tagfalter,Tausendfuessler,Unbekannt,Voegel,Wanzen,Zikaden,Zweifluegler,Pilze"	""	"[object Object]"	""	"" 
"f19cd49bd7b7a150c895041a5d039a66"	"Art"	"aMassnahmen"	"114"	"Massnahmen"	"ZDSF: Mögliche/existierende Erhaltungsmassnahmen für gefährdete indigene Arten"	"textarea"	""	"MESURES"	"MESURES"	""	""	""	""	"Amphibien,Eintagsfliegen,Fische,Flora,Hautfluegler,Heuschrecken,Kaefer,Koecherfliegen,Krebse,Laufkaefer,Libellen,Mollusken,Moose,Nachtfalter,Netzfluegler,Pilze,Reptilien,Saeugetiere,Spinnen,Steinfliegen,Tagfalter,Tausendfuessler,Unbekannt,Voegel,Wanzen,Zikaden,Zweifluegler,Pilze"	""	"[object Object]"	""	"" 
"f19cd49bd7b7a150c895041a5d039dca"	"Art"	"aPhänologie"	"115"	"Phänologie"	"ZDSF: Entwicklungszustand der Pflanze (z.B. blühend, fruchtend etc.), neu = REM_PHENOLOGIE"	"textinput"	"text"	"PHENOLOGIE"	"REM_PHENOLOGIE"	""	""	""	""	"Flora"	""	"[object Object]"	""	"" 
"f19cd49bd7b7a150c895041a5d03acde"	"Art"	"aPflanzengrösse"	"116"	"Grösse der Pflanzen"	"ZDSF: Grösse/Höhe der Pflanzen"	"textinput"	"text"	"TAILLE_PLANTE"	"TAILLE_PLANTE"	""	""	""	""	"Flora"	""	"[object Object]"	""	"" 
"f19cd49bd7b7a150c895041a5d03ba86"	"Art"	"aVitalität"	"117"	"Vitalität"	"ZDSF: Vitalität der Pflanze(n) = neu: REM_VITALITE. NISM: Fertilität?"	"textinput"	"text"	"VITALITE_PLANTE"	"REM_VITALITE"	""	"fertilitaet?"	""	""	"Flora"	""	"[object Object]"	""	"" 
"f19cd49bd7b7a150c895041a5d03c17e"	"Art"	"aWirtspflanze"	"118"	"Wirtspflanze"	"WSL Pilze"	"textinput"	"text"	""	""	""	""	""	"Wirtspflanze"	"Pilze,Flora"	""	"[object Object]"	""	"" 
"f19cd49bd7b7a150c895041a5d03c82a"	"Art"	"aLiteratur"	"119"	"Literatur"	"Literaturangabe: ZDSF = SOURCE_BIBLIO, CSCF = REF; nur verwenden für einzelne Beobachtungen, sonst unter Projekt erfassen"	"textarea"	""	"Bibliographie"	"SOURCE_BIBLIO"	"REF"	""	""	""	"Amphibien,Eintagsfliegen,Fische,Flora,Hautfluegler,Heuschrecken,Kaefer,Koecherfliegen,Krebse,Laufkaefer,Libellen,Mollusken,Moose,Nachtfalter,Netzfluegler,Pilze,Reptilien,Saeugetiere,Spinnen,Steinfliegen,Tagfalter,Tausendfuessler,Unbekannt,Voegel,Wanzen,Zikaden,Zweifluegler,Pilze"	""	"[object Object]"	""	"" 
"f19cd49bd7b7a150c895041a5d03ce0d"	"Art"	"aLitZitiert"	"120"	"Literatur zitiert"	"ZDSF: Literaturangabe, wenn diese in einem anderen Werk zitiert wurde (dieses Werk unter Bibliographie angeben); nur verwenden für einzelne Beobachtungen, sonst unter Projekt erfassen"	"textarea"	""	"SOURCE_BIBLIO_CITE"	"SOURCE_BIBLIO_CITE"	""	""	""	""	"Amphibien,Eintagsfliegen,Fische,Flora,Hautfluegler,Heuschrecken,Kaefer,Koecherfliegen,Krebse,Laufkaefer,Libellen,Mollusken,Moose,Nachtfalter,Netzfluegler,Reptilien,Saeugetiere,Spinnen,Steinfliegen,Tagfalter,Tausendfuessler,Unbekannt,Voegel,Wanzen,Zikaden,Zweifluegler,Pilze"	""	"[object Object]"	""	"" 
"f19cd49bd7b7a150c895041a5d03d0c5"	"Art"	"aBelegArt"	"121"	"Art des Belegs"	"ZDSF: Art des Beleges"	"checkbox"	""	"TY_TEMOIN"	"TY_TEMOIN"	""	""	""	"Belegtyp"	"Amphibien,Eintagsfliegen,Fische,Flora,Hautfluegler,Heuschrecken,Kaefer,Koecherfliegen,Krebse,Laufkaefer,Libellen,Mollusken,Moose,Nachtfalter,Netzfluegler,Pilze,Reptilien,Saeugetiere,Spinnen,Steinfliegen,Tagfalter,Tausendfuessler,Unbekannt,Voegel,Wanzen,Zikaden,Zweifluegler,Pilze"	"Bild,Tonaufnahme,Herbar, Präparat, Exsikkat"	"[object Object]"	""	"" 
"f19cd49bd7b7a150c895041a5d03d994"	"Art"	"aBelegStandort"	"122"	"Standort des Belegs"	"ZDSF: Belegstandort (z.B. Adresse, Name/Vorname, Herbarium/Universität etc.)"	"textarea"	""	"DEPOT_TEMOIN"	"DEPOT_TEMOIN"	""	"herbarium"	""	"Herbarstandort?"	"Flora,Pilze"	""	"[object Object]"	""	"" 
"f19cd49bd7b7a150c895041a5d03e0e6"	"Art"	"aBelegNr"	"123"	"Belegnummer"	"ZDSF: Belegnummer (von Sammler vergeben), zu DEPOT_TEMOIN"	"textinput"	"text"	"ID_TEMOIN"	"ID_TEMOIN"	""	"sammel_nummer"	""	"HerbarNr?"	"Flora,Pilze"	""	"[object Object]"	""	"" 
"f19cd49bd7b7a150c895041a5d03e2d7"	"Art"	"aHerbarUrsprung"	"124"	"ursprüngl. Herbar"	"ZDSF: Herbarursprung, aus welchem Herbar stammend (meist Name, Vorname)"	"textarea"	""	"EX_HERBIER"	"EX_HERBIER"	""	""	""	""	"Flora"	""	"[object Object]"	""	"" 
"f19cd49bd7b7a150c895041a5d03ef2f"	"Art"	"aWeltenHerbar"	"125"	"Herbarbeleg für WS"	"ZDSF: Herbarbeleg für Atlas von Welten & Sutter verwendet? O = Ja, N = Nein."	"radio"	""	"HERBIER_WS"	"HERBIER_WS"	""	""	""	""	"Flora"	"ja,nein"	"[object Object]"	""	"" 
"f19cd49bd7b7a150c895041a5d03ff24"	"Art"	"aNeophytBekämpft"	"126"	"Neophyt bekämpft"	"ZDSF: Bekämpfung von Neophyten erfolgt (zum Zeitpunkt der Beobachtung)? O = Ja, N = Nein"	"radio"	""	"LUTTE_NEOPHYTES"	"LUTTE_NEOPHYTES"	""	""	""	""	"Flora"	"ja,nein"	"[object Object]"	""	"" 
"f19cd49bd7b7a150c895041a5d040716"	"Art"	"aNeopBekDatum"	"127"	"Bekämpfung Datum"	"ZDSF: Neophytenbekämpfung, Datum/Daten der Bekämpfung"	"textinput"	"date"	"LUTTE_DATE"	"LUTTE_DATE"	""	""	""	""	"Flora"	""	"[object Object]"	""	"" 
"f19cd49bd7b7a150c895041a5d041661"	"Art"	"aNeopBekArt"	"128"	"Bekämpfung Art"	"ZDSF: Art der Neophytenbekämpfung (mechanisch, chemisch, beides)"	"multipleselect"	""	"LUTTE_TYPE"	"LUTTE_TYPE"	""	""	""	""	"Flora"	"Ausreissen,Mähen,Mulchen,Pflügen,Fräsen, Eggen,Beweiden,Abschneiden,Frühschnitt,Zupfen,Blütenstände kappen,Ringeln,mit Folie abdecken,Erde abtragen,Ausgraben,Wurzelstock abstechen,Chemisch,Chemisch: Stängelinjektion,Chemisch: Blattbenetzung,Trockenlegen,Überstauen, vernässen,Wurzeln mit Salz tränken"	"[object Object]"	""	"" 
"f19cd49bd7b7a150c895041a5d0416aa"	"Art"	"aNeopBekFläche"	"129"	"Bekämpfung Fläche"	"ZDSF: Neophytenbekämpfung, behandelte Fläche in Quadratmetern"	"textinput"	"number"	"LUTTE_SURFACE"	"LUTTE_SURFACE"	""	""	""	""	"Flora"	""	"[object Object]"	""	"" 
"f19cd49bd7b7a150c895041a5d041ee1"	"Art"	"aNeopBekBem"	"130"	"Bekämpfung Bemerkungen"	"ZDSF: Neophyten, Ergänzungen/Bemerkungen zur Bekämpfung"	"textarea"	""	"LUTTE_REM"	"LUTTE_REM"	""	""	""	""	"Flora"	""	"[object Object]"	""	"" 
"f19cd49bd7b7a150c895041a5d042c9a"	"Art"	"aIndivNr1"	"131"	"Indiv. Nummernfeld 1"	"ZDSF: Zusatzfelder, Inhalte gehen durch den Kreislauf, werden aber beim ZDSF nicht aufgenommen."	"textinput"	"number"	"CUSTOM_NUMBER_1"	"CUSTOM_NUMBER_1"	""	""	""	""	"Amphibien,Eintagsfliegen,Fische,Flora,Hautfluegler,Heuschrecken,Kaefer,Koecherfliegen,Krebse,Laufkaefer,Libellen,Mollusken,Moose,Nachtfalter,Netzfluegler,Reptilien,Saeugetiere,Spinnen,Steinfliegen,Tagfalter,Tausendfuessler,Unbekannt,Voegel,Wanzen,Zikaden,Zweifluegler,Pilze"	""	"[object Object]"	""	"" 
"f19cd49bd7b7a150c895041a5d043a71"	"Art"	"aIndivText1"	"132"	"Indiv. Textfeld 1"	"ZDSF: Zusatzfelder, Inhalte gehen durch den Kreislauf, werden aber beim ZDSF nicht aufgenommen."	"textarea"	""	"CUSTOM_TEXT_1"	"CUSTOM_TEXT_1"	""	""	""	""	"Amphibien,Eintagsfliegen,Fische,Flora,Hautfluegler,Heuschrecken,Kaefer,Koecherfliegen,Krebse,Laufkaefer,Libellen,Mollusken,Moose,Nachtfalter,Netzfluegler,Reptilien,Saeugetiere,Spinnen,Steinfliegen,Tagfalter,Tausendfuessler,Unbekannt,Voegel,Wanzen,Zikaden,Zweifluegler,Pilze"	""	"[object Object]"	""	"" 
"f19cd49bd7b7a150c895041a5d0445cd"	"Art"	"aIndivNr2"	"133"	"Indiv. Nummernfeld 2"	"ZDSF: Zusatzfelder, Inhalte gehen durch den Kreislauf, werden aber beim ZDSF nicht aufgenommen."	"textinput"	"number"	"CUSTOM_NUMBER_2"	"CUSTOM_NUMBER_2"	""	""	""	""	"Amphibien,Eintagsfliegen,Fische,Flora,Hautfluegler,Heuschrecken,Kaefer,Koecherfliegen,Krebse,Laufkaefer,Libellen,Mollusken,Moose,Nachtfalter,Netzfluegler,Reptilien,Saeugetiere,Spinnen,Steinfliegen,Tagfalter,Tausendfuessler,Unbekannt,Voegel,Wanzen,Zikaden,Zweifluegler,Pilze"	""	"[object Object]"	""	"" 
"f19cd49bd7b7a150c895041a5d044fc4"	"Art"	"aIndivText2"	"134"	"Indiv. Textfeld 2"	"ZDSF: Zusatzfelder, Inhalte gehen durch den Kreislauf, werden aber beim ZDSF nicht aufgenommen."	"textarea"	""	"CUSTOM_TEXT_2"	"CUSTOM_TEXT_2"	""	""	""	""	"Amphibien,Eintagsfliegen,Fische,Flora,Hautfluegler,Heuschrecken,Kaefer,Koecherfliegen,Krebse,Laufkaefer,Libellen,Mollusken,Moose,Nachtfalter,Netzfluegler,Reptilien,Saeugetiere,Spinnen,Steinfliegen,Tagfalter,Tausendfuessler,Unbekannt,Voegel,Wanzen,Zikaden,Zweifluegler,Pilze"	""	"[object Object]"	""	"" 
"f19cd49bd7b7a150c895041a5d0457e8"	"Art"	"aIndivNr3"	"135"	"Indiv. Nummernfeld 3"	"ZDSF: Zusatzfelder, Inhalte gehen durch den Kreislauf, werden aber beim ZDSF nicht aufgenommen."	"textinput"	"number"	"CUSTOM_NUMBER_3"	"CUSTOM_NUMBER_3"	""	""	""	""	"Amphibien,Eintagsfliegen,Fische,Flora,Hautfluegler,Heuschrecken,Kaefer,Koecherfliegen,Krebse,Laufkaefer,Libellen,Mollusken,Moose,Nachtfalter,Netzfluegler,Reptilien,Saeugetiere,Spinnen,Steinfliegen,Tagfalter,Tausendfuessler,Unbekannt,Voegel,Wanzen,Zikaden,Zweifluegler,Pilze"	""	"[object Object]"	""	"" 
"f19cd49bd7b7a150c895041a5d046345"	"Art"	"aIndivText3"	"136"	"Indiv. Textfeld 3"	"ZDSF: Zusatzfelder, Inhalte gehen durch den Kreislauf, werden aber beim ZDSF nicht aufgenommen."	"textarea"	""	"CUSTOM_TEXT_3"	"CUSTOM_TEXT_3"	""	""	""	""	"Amphibien,Eintagsfliegen,Fische,Flora,Hautfluegler,Heuschrecken,Kaefer,Koecherfliegen,Krebse,Laufkaefer,Libellen,Mollusken,Moose,Nachtfalter,Netzfluegler,Reptilien,Saeugetiere,Spinnen,Steinfliegen,Tagfalter,Tausendfuessler,Unbekannt,Voegel,Wanzen,Zikaden,Zweifluegler,Pilze"	""	"[object Object]"	""	"" 
"f19cd49bd7b7a150c895041a5d04707c"	"Art"	"aIndivNr4"	"137"	"Indiv. Nummernfeld 4"	"ZDSF: Zusatzfelder, Inhalte gehen durch den Kreislauf, werden aber beim ZDSF nicht aufgenommen."	"textinput"	"number"	"CUSTOM_NUMBER_4"	"CUSTOM_NUMBER_4"	""	""	""	""	"Amphibien,Eintagsfliegen,Fische,Flora,Hautfluegler,Heuschrecken,Kaefer,Koecherfliegen,Krebse,Laufkaefer,Libellen,Mollusken,Moose,Nachtfalter,Netzfluegler,Reptilien,Saeugetiere,Spinnen,Steinfliegen,Tagfalter,Tausendfuessler,Unbekannt,Voegel,Wanzen,Zikaden,Zweifluegler,Pilze"	""	"[object Object]"	""	"" 
"f19cd49bd7b7a150c895041a5d047f1c"	"Art"	"aIndivText4"	"138"	"Indiv. Textfeld 4"	"ZDSF: Zusatzfelder, Inhalte gehen durch den Kreislauf, werden aber beim ZDSF nicht aufgenommen."	"textarea"	""	"CUSTOM_TEXT_4"	"CUSTOM_TEXT_4"	""	""	""	""	"Amphibien,Eintagsfliegen,Fische,Flora,Hautfluegler,Heuschrecken,Kaefer,Koecherfliegen,Krebse,Laufkaefer,Libellen,Mollusken,Moose,Nachtfalter,Netzfluegler,Reptilien,Saeugetiere,Spinnen,Steinfliegen,Tagfalter,Tausendfuessler,Unbekannt,Voegel,Wanzen,Zikaden,Zweifluegler,Pilze"	""	"[object Object]"	""	"" 
"f19cd49bd7b7a150c895041a5d0485c4"	"Art"	"aIndivNr5"	"139"	"Indiv. Nummernfeld 5"	"ZDSF: Zusatzfelder, Inhalte gehen durch den Kreislauf, werden aber beim ZDSF nicht aufgenommen."	"textinput"	"number"	"CUSTOM_NUMBER_5"	"CUSTOM_NUMBER_5"	""	""	""	""	"Amphibien,Eintagsfliegen,Fische,Flora,Hautfluegler,Heuschrecken,Kaefer,Koecherfliegen,Krebse,Laufkaefer,Libellen,Mollusken,Moose,Nachtfalter,Netzfluegler,Reptilien,Saeugetiere,Spinnen,Steinfliegen,Tagfalter,Tausendfuessler,Unbekannt,Voegel,Wanzen,Zikaden,Zweifluegler,Pilze"	""	"[object Object]"	""	"" 
"f19cd49bd7b7a150c895041a5d048b99"	"Art"	"aIndivText5"	"140"	"Indiv. Textfeld 5"	"ZDSF: Zusatzfelder, Inhalte gehen durch den Kreislauf, werden aber beim ZDSF nicht aufgenommen."	"textarea"	""	"CUSTOM_TEXT_5"	"CUSTOM_TEXT_5"	""	""	""	""	"Amphibien,Eintagsfliegen,Fische,Flora,Hautfluegler,Heuschrecken,Kaefer,Koecherfliegen,Krebse,Laufkaefer,Libellen,Mollusken,Moose,Nachtfalter,Netzfluegler,Reptilien,Saeugetiere,Spinnen,Steinfliegen,Tagfalter,Tausendfuessler,Unbekannt,Voegel,Wanzen,Zikaden,Zweifluegler,Pilze"	""	"[object Object]"	""	"" 
"f19cd49bd7b7a150c895041a5d049093"	"Art"	"aIndDef"	"141"	"Definition zu indiv. Feldern"	"ZDSF: Definitionen zu den individuellen Feldern"	"textarea"	""	"DEF_CUSTOM"	"DEF_CUSTOM"	""	""	""	""	"Amphibien,Eintagsfliegen,Fische,Flora,Hautfluegler,Heuschrecken,Kaefer,Koecherfliegen,Krebse,Laufkaefer,Libellen,Mollusken,Moose,Nachtfalter,Netzfluegler,Reptilien,Saeugetiere,Spinnen,Steinfliegen,Tagfalter,Tausendfuessler,Unbekannt,Voegel,Wanzen,Zikaden,Zweifluegler,Pilze"	""	"[object Object]"	""	"" 
"f19cd49bd7b7a150c895041a5d049222"	"Art"	"aAduAnz"	"142"	"Anzahl Adulte"	"CSCF: Anzahl Adulte unbestimmten Geschlechtes"	"textinput"	"number"	"ADU"	""	"ADU"	""	""	""	"Amphibien,Eintagsfliegen,Fische,Hautfluegler,Heuschrecken,Kaefer,Koecherfliegen,Krebse,Laufkaefer,Libellen,Mollusken,Nachtfalter,Netzfluegler,Reptilien,Saeugetiere,Spinnen,Steinfliegen,Tagfalter,Tausendfuessler,Unbekannt,Voegel,Wanzen,Zikaden,Zweifluegler"	""	"[object Object]"	""	"" 
"f19cd49bd7b7a150c895041a5d049c46"	"Art"	"aHäufKlasse"	"143"	"Häufigkeitsklasse"	"EVABspezial(Fauna): Häufigkeitsklasse, wenn nicht absolute Individuenzahlen aufgenommen werden. Beispiel: 1-10 oder 11-25; bei Datenexport für CSCF umrechnen"	"textinput"	"text"	"HäufKlasse"	""	""	""	""	""	"Amphibien,Eintagsfliegen,Fische,Hautfluegler,Heuschrecken,Kaefer,Koecherfliegen,Krebse,Laufkaefer,Libellen,Mollusken,Nachtfalter,Netzfluegler,Reptilien,Saeugetiere,Spinnen,Steinfliegen,Tagfalter,Tausendfuessler,Unbekannt,Voegel,Wanzen,Zikaden,Zweifluegler"	""	"[object Object]"	""	"" 
"f19cd49bd7b7a150c895041a5d04a5b5"	"Art"	"aWeibchenAnz"	"144"	"Anzahl Weibchen"	"CSCF: Anzahl Weibchen"	"textinput"	"number"	"FEM"	""	"FEM"	""	""	""	"Amphibien,Eintagsfliegen,Fische,Hautfluegler,Heuschrecken,Kaefer,Koecherfliegen,Krebse,Laufkaefer,Libellen,Mollusken,Nachtfalter,Netzfluegler,Reptilien,Saeugetiere,Spinnen,Steinfliegen,Tagfalter,Tausendfuessler,Unbekannt,Voegel,Wanzen,Zikaden,Zweifluegler"	""	"[object Object]"	""	"" 
"f19cd49bd7b7a150c895041a5d04b01d"	"Art"	"aArbeiterinnenAnz"	"145"	"Anzahl Arbeiterinnen"	"CSCF: Anzahl Arbeiterinnen (Fauna: soziale Hautflügler)"	"textinput"	"number"	"Arbeiterinnen"	""	"?"	""	""	""	"Hautfluegler"	""	"[object Object]"	""	"" 
"f19cd49bd7b7a150c895041a5d04b9e0"	"Art"	"aMännchenAnz"	"146"	"Anzahl Männchen"	"CSCF: Anzahl Männchen"	"textinput"	"number"	"MAL"	""	"MAL"	""	""	""	"Amphibien,Eintagsfliegen,Fische,Hautfluegler,Heuschrecken,Kaefer,Koecherfliegen,Krebse,Laufkaefer,Libellen,Mollusken,Nachtfalter,Netzfluegler,Reptilien,Saeugetiere,Spinnen,Steinfliegen,Tagfalter,Tausendfuessler,Unbekannt,Voegel,Wanzen,Zikaden,Zweifluegler"	""	"[object Object]"	""	"" 
"f19cd49bd7b7a150c895041a5d04be59"	"Art"	"aRufendeAnz"	"147"	"Anzahl Rufende"	"CSCF: Anzahl Rufende"	"textinput"	"number"	"VOI"	""	"VOI"	""	""	""	"bereinigen,Amphibien,Eintagsfliegen,Fische,Hautfluegler,Heuschrecken,Kaefer,Koecherfliegen,Krebse,Laufkaefer,Libellen,Mollusken,Nachtfalter,Netzfluegler,Reptilien,Saeugetiere,Spinnen,Steinfliegen,Tagfalter,Tausendfuessler,Unbekannt,Voegel,Wanzen,Zikaden,Zweifluegler"	""	"[object Object]"	""	"" 
"f19cd49bd7b7a150c895041a5d04c8cc"	"Art"	"aPuppenAnz"	"148"	"Anzahl Puppen"	"CSCF: Anzahl Puppen"	"textinput"	"number"	"NYM"	""	"NYM"	""	""	""	"bereinigen,Amphibien,Eintagsfliegen,Fische,Hautfluegler,Heuschrecken,Kaefer,Koecherfliegen,Krebse,Laufkaefer,Libellen,Mollusken,Nachtfalter,Netzfluegler,Reptilien,Saeugetiere,Spinnen,Steinfliegen,Tagfalter,Tausendfuessler,Unbekannt,Voegel,Wanzen,Zikaden,Zweifluegler"	""	"[object Object]"	""	"" 
"f19cd49bd7b7a150c895041a5d04c8d7"	"Art"	"aJuvenileAnz"	"149"	"Anzahl Juvenile"	"CSCF: Anzahl Juvenile"	"textinput"	"number"	"JUV"	""	"JUV"	""	""	""	"bereinigen,Amphibien,Eintagsfliegen,Fische,Hautfluegler,Heuschrecken,Kaefer,Koecherfliegen,Krebse,Laufkaefer,Libellen,Mollusken,Nachtfalter,Netzfluegler,Reptilien,Saeugetiere,Spinnen,Steinfliegen,Tagfalter,Tausendfuessler,Unbekannt,Voegel,Wanzen,Zikaden,Zweifluegler"	""	"[object Object]"	""	"" 
"f19cd49bd7b7a150c895041a5d04cb10"	"Art"	"aLarvenAnz"	"150"	"Anzahl Larven"	"CSCF: Anzahl Larven"	"textinput"	"number"	"LAR"	""	"LAR"	""	""	""	"bereinigen,Amphibien,Eintagsfliegen,Fische,Hautfluegler,Heuschrecken,Kaefer,Koecherfliegen,Krebse,Laufkaefer,Libellen,Mollusken,Nachtfalter,Netzfluegler,Reptilien,Saeugetiere,Spinnen,Steinfliegen,Tagfalter,Tausendfuessler,Unbekannt,Voegel,Wanzen,Zikaden,Zweifluegler"	""	"[object Object]"	""	"" 
"f19cd49bd7b7a150c895041a5d04d3da"	"Art"	"aSubadulteAnz"	"151"	"Anzahl Subadulte"	"CSCF: Anzahl Subadulte"	"textinput"	"number"	"SBA"	""	"SBA"	""	""	""	"bereinigen,Amphibien,Eintagsfliegen,Fische,Hautfluegler,Heuschrecken,Kaefer,Koecherfliegen,Krebse,Laufkaefer,Libellen,Mollusken,Nachtfalter,Netzfluegler,Reptilien,Saeugetiere,Spinnen,Steinfliegen,Tagfalter,Tausendfuessler,Unbekannt,Voegel,Wanzen,Zikaden,Zweifluegler"	""	"[object Object]"	""	"" 
"f19cd49bd7b7a150c895041a5d04dbfe"	"Art"	"aPaarungenAnz"	"152"	"Anzahl Paarungen"	"CSCF: Anzahl Paarungen"	"textinput"	"number"	"ACC"	""	"ACC"	""	""	""	"bereinigen,Amphibien,Eintagsfliegen,Fische,Hautfluegler,Heuschrecken,Kaefer,Koecherfliegen,Krebse,Laufkaefer,Libellen,Mollusken,Nachtfalter,Netzfluegler,Reptilien,Saeugetiere,Spinnen,Steinfliegen,Tagfalter,Tausendfuessler,Unbekannt,Voegel,Wanzen,Zikaden,Zweifluegler"	""	"[object Object]"	""	"" 
"f19cd49bd7b7a150c895041a5d04e47c"	"Art"	"aTandemsAnz"	"153"	"Anzahl Tandems"	"CSCF: Anzahl Tandems (Libellen)"	"textinput"	"number"	"TAN"	""	"TAN"	""	""	""	"Libellen"	""	"[object Object]"	""	"" 
"f19cd49bd7b7a150c895041a5d04e808"	"Art"	"aWeibchenEierlegendAnz"	"154"	"Anz. Eierlegende Weibchen"	"CSCF: Anzahl eierlegende Weibchen"	"textinput"	"number"	"PON"	""	"PON"	""	""	""	"bereinigen,Amphibien,Eintagsfliegen,Fische,Hautfluegler,Heuschrecken,Kaefer,Koecherfliegen,Krebse,Laufkaefer,Libellen,Mollusken,Nachtfalter,Netzfluegler,Reptilien,Saeugetiere,Spinnen,Steinfliegen,Tagfalter,Tausendfuessler,Unbekannt,Voegel,Wanzen,Zikaden,Zweifluegler"	""	"[object Object]"	""	"" 
"f19cd49bd7b7a150c895041a5d04f54c"	"Art"	"aEierAnz"	"155"	"Anzahl Eier(ballen)"	"CSCF: Anzahl Eier; bei Amphibien je nach Art Laichballen, Laichschnüre oder einzelne Eier"	"textinput"	"number"	"OEU"	""	"OEU"	""	""	""	"bereinigen,Amphibien,Eintagsfliegen,Fische,Hautfluegler,Heuschrecken,Kaefer,Koecherfliegen,Krebse,Laufkaefer,Libellen,Mollusken,Nachtfalter,Netzfluegler,Reptilien,Saeugetiere,Spinnen,Steinfliegen,Tagfalter,Tausendfuessler,Unbekannt,Voegel,Wanzen,Zikaden,Zweifluegler"	""	"[object Object]"	""	"" 
"f19cd49bd7b7a150c895041a5d050376"	"Art"	"aNesterAnz"	"156"	"Anzahl Nester"	"CSCF: Anzahl Nester, v.a. für Stechimmen (Wildbienen, Wespen, Ameisen)"	"textinput"	"number"	"Nester"	""	"?"	""	""	""	"bereinigen,Amphibien,Eintagsfliegen,Fische,Hautfluegler,Heuschrecken,Kaefer,Koecherfliegen,Krebse,Laufkaefer,Libellen,Mollusken,Nachtfalter,Netzfluegler,Reptilien,Saeugetiere,Spinnen,Steinfliegen,Tagfalter,Tausendfuessler,Unbekannt,Voegel,Wanzen,Zikaden,Zweifluegler"	""	"[object Object]"	""	"" 
"f19cd49bd7b7a150c895041a5d050e99"	"Art"	"aGehäuse"	"157"	"Anz. leere Gehäuse"	"CSCF: Anzahl leere Gehäuse ( Mollusken)"	"textinput"	"number"	"COQ"	""	"COQ"	""	""	""	"Mollusken"	""	"[object Object]"	""	"" 
"f19cd49bd7b7a150c895041a5d0518af"	"Art"	"aExuvienAnz"	"158"	"Anzahl Exuvien"	"CSCF: Anzahl Exuvien"	"textinput"	"number"	"EXU"	""	"EXU"	""	""	""	"Amphibien,Eintagsfliegen,Fische,Hautfluegler,Heuschrecken,Kaefer,Koecherfliegen,Krebse,Laufkaefer,Libellen,Mollusken,Nachtfalter,Netzfluegler,Reptilien,Saeugetiere,Spinnen,Steinfliegen,Tagfalter,Tausendfuessler,Unbekannt,Voegel,Wanzen,Zikaden,Zweifluegler"	""	"[object Object]"	""	"" 
"f19cd49bd7b7a150c895041a5d052660"	"Art"	"aBestimmungsmethode"	"159"	"Bestimmungsmethode"	"CSCF: Bestimmungsmethode (2 Felder)"	"multipleselect"	""	"fkAADETE"	""	"DETE"	""	""	""	"Amphibien,Eintagsfliegen,Fische,Hautfluegler,Heuschrecken,Kaefer,Koecherfliegen,Krebse,Laufkaefer,Libellen,Mollusken,Nachtfalter,Netzfluegler,Reptilien,Saeugetiere,Spinnen,Steinfliegen,Tagfalter,Tausendfuessler,Unbekannt,Voegel,Wanzen,Zikaden,Zweifluegler"	"Sichtbeobachtung,Fang,Mit Fernglas bestimmt,Ruf, Schrei, Gesang,Ultraschall,Video,Radiotelemetriedaten,Foto,Unter Binokular bestimmt,genetisch bestimmt,Genitalbestimmung,Kolonie,Kunstbau Biber,Nest, Biberburg,Puppenkammer,Erdbau, Höhle, Auswurfhügel,Suhle,Damm,Burg eingestürzt,Schwimmende Burg,Mittelbau Biber,Schlupfloch, Fluchtröhre,Totfund,Verunfallt (Strasse),Abschuss,Schädel,Knochenreste,Haare,Gewölle,Reste Körpergewebe, Muskel, Blut,Vorkommende Population,Wahrscheinliches Vorkommen,Status unklar,Vorkommen vermutlich ehemalig,Subfossile Gehäuse (Mollusken),Kot, Losung,Köcher,Ausstieg, Wechsel,Kanal,Fällplatz,Trittsiegel, Spurenfolge,Schäden,Nahrungsresten, Einzelfrassspuren,Wintervorrat,Frassplatz,Raubtierriss,Markierung, Bibergeil,Indirekte Bestimmung"	"[object Object]"	""	"" 
"f19cd49bd7b7a150c895041a5d05287b"	"Art"	"aBeobachtungsmethode"	"160"	"Beobachtungsmethode"	"CSCF: Beobachtungsmethode"	"multipleselect"	""	"fkAAMET"	""	"MET"	""	""	""	"Amphibien,Eintagsfliegen,Fische,Hautfluegler,Heuschrecken,Kaefer,Koecherfliegen,Krebse,Laufkaefer,Libellen,Mollusken,Nachtfalter,Netzfluegler,Reptilien,Saeugetiere,Spinnen,Steinfliegen,Tagfalter,Tausendfuessler,Unbekannt,Voegel,Wanzen,Zikaden,Zweifluegler"	"Handfang,Restlichtverstärker,Farbteller,Sauggerät,Unterwasser-Sauger,Biocönometer,Berlese,Fang,Sichtbeobachtung,Genist,Zelt,Ultraschalldetektor,Eklektorfalle,Zucht (ex Ovo, ex Larva, ex Pupa),Umfrage,Trichterfalle,Stadtbeleuchtung,Entomologennetz,Kescher,Netzfang,Netzfischerei,Planktonnetz,CO2-Begasung (RCF),Begasung, Insektizid,Auf Wirt entnommen,Gesang,Aussetzung,Dekantieren (Auswaschen),Markierte Individuen,Zuckerfalle,Mini-Malaise-Falle,Nisthilfe, Heckbauer,Flächendeckende Vorzugspunktbeobachtung,Direktbeobachtung (Sichtkontakt, Ruf),Transektbeobachtung, Zählungen,Schlingenfalle,Köderfalle,Saugfalle,Sieb,Lockfallen,Bodenfalle (Baberfallen),Bierfalle,Kastenfalle,Kombinierte Falle (Fensterfalle-Farbteller),Klebgitterfallen,Richtfalle,Elektrofang,Schlüpffalle,Fensterfalle,Fadenfalle (Klebfalle),Scheinwerfer, Scheinwerfertaxation,Abfangfallen,Japanschirm, Klopfschirm,Lampe mit aktinischer Strahlung,Bodenbrett,Automatische Lichtfalle (Changins-Falle),Quecksilberlampe,Mischlicht-Falle,Taucherbeobachtung,Robinson-Lichtfalle,Lichtfalle,Nächtliche Suche mit Taschenlampe,UV-Lichtfalle,Pheromonfalle,Fotofalle,Gewöll,Bodenprobe,Weinfalle,Puppenkammer,Radiotelemetrie,Surber,Gesiebe,Malaise-Falle,Licht-Malaise-Falle,Entnahme / Stichprobe (Boden, Abfall...)"	"[object Object]"	""	"" 
"f19cd49bd7b7a150c895041a5d0533eb"	"Art"	"aReproduktionsstatus"	"161"	"Reproduktionsstatus"	"CSCF: Reproduktionsstatus (bei Säugern)"	"radio"	""	"fkAAREPRO"	""	"REPRO"	""	""	""	"Saeugetiere"	"adult,,trächtig,säugend,keine Fortpflanzung,post-säugend,(reif für) Fortpflanzung (nur Männchen),unbekannt"	"[object Object]"	""	"" 
"f19cd49bd7b7a150c895041a5d0539e6"	"Art"	"aStichprobennummer"	"162"	"Stichprobennummer"	"CSCF: Nummer oder Code der Stichprobe"	"textinput"	"text"	"NOSTA"	""	"NOSTA"	""	""	""	"Amphibien,Eintagsfliegen,Fische,Hautfluegler,Heuschrecken,Kaefer,Koecherfliegen,Krebse,Laufkaefer,Libellen,Mollusken,Nachtfalter,Netzfluegler,Reptilien,Saeugetiere,Spinnen,Steinfliegen,Tagfalter,Tausendfuessler,Unbekannt,Voegel,Wanzen,Zikaden,Zweifluegler"	""	"[object Object]"	""	"" 
"f19cd49bd7b7a150c895041a5d053a83"	"Art"	"aBemerkungen"	"163"	"Bemerkungen"	"ZDSF: Bemerkungen des Beobachters"	"textarea"	""	"REM_NOTE"	""	"REM_NOTE"	"anmerkungen"	""	""	"Amphibien,Eintagsfliegen,Fische,Flora,Hautfluegler,Heuschrecken,Kaefer,Koecherfliegen,Krebse,Laufkaefer,Libellen,Mollusken,Moose,Nachtfalter,Netzfluegler,Reptilien,Saeugetiere,Spinnen,Steinfliegen,Tagfalter,Tausendfuessler,Unbekannt,Voegel,Wanzen,Zikaden,Zweifluegler,Pilze"	""	"[object Object]"	""	"" 
